공항코드1(IATA),영문도시명
ADP,Ampara
ADQ,Kodiak
ADS,Dallas
ADU,Ardabil
ADV,Ed Daein
ADW,Camp Springs
ADZ,San Andres Island
AEA,Abemama Atoll
AEB,Baise
AEG,Padang Sidempuan
AEH,Abeche
AEM,Amgu
AEP,Buenos Aires
AER,Sochi
AES,alesund
AET,Allakaket
AEU,Abu Musa Island
AEX,Alexandria
AEY,Akureyri
AFA,San Rafael
AFK,Ampara
AFL,Alta Floresta
AFN,Jaffrey
AFS,Zarafshan
AFT,Afutara
AFW,Fort Worth
AFZ,Sabzevar
AGA,Agadir
AGB,Augsburg
AGC,Pittsburgh
AGF,Agen
AGH,Angelholm
AGJ,Aguni
AGL,Wanigela
AGN,Angoon
AGP,Malaga
AGR,Agra
AGS,Augusta
AGT,Ciudad del Este
AGU,Aguascalientes
AGV,Acarigua
AGX,Agatti Island
AHB,Abha
AHE,Ahe
AHJ,Hongyuan
AHN,Athens
AHO,Alghero
AHU,Al Hoceima
AIA,Alliance
AIC,Airok
AIM,Ailuk Atoll
AIN,Fort Wainwright
AIP,Adampur
AIR,Aripuana
AIS,Arorae Island
AIT,Aitutaki
AIU,Atiu Island
AJA,Ajaccio
AJF,Sakakah
AJI,Agri
AJK,Arak
AJL,Aizawl
AJN,Anjouan
AJR,Arvidsjaur
AJU,Aracaju
AJY,Agadez
AKA,Ankang
AKB,Atka
AKD,Akola
AKF,Kufra
AKI,Akiak
AKJ,Asahikawa
AKK,Akhiok
AKL,Auckland
AKN,King Salmon
AKP,Anaktuvuk Pass
AKR,Akure
AKS,Auki
AKU,Aksu
AKV,Akulivik
AKX,Aktobe
AKY,Sittwe
ALA,Almaty
ALB,Albany
ALC,Alicante
ALE,Alpine
ALF,Alta
ALG,Algiers
ALH,Albany
ALI,Alice
ALM,Alamogordo
ALO,Waterloo
ALP,Aleppo
ALQ,Alegrete
ALR,Alexandra
ALS,Alamosa
ALW,Walla Walla
ALY,Alexandria
ALZ,Lazy Bay
AMA,Amarillo
AMD,Ahmedabad
AMH,Arba Minch
AMI,Mataram
AMM,Amman
AMQ,Ambon
AMS,Amsterdam
AMV,Amderma
AMY,Ambatomainty
ANA,Angama Mara
ANC,Anchorage
ANE,Angers
ANF,Antofagasta
ANG,Angouleme
ANI,Aniak
ANK,Ankara
ANM,Antalaha
ANR,Antwerp
ANS,Andahuaylas
ANU,Antigua
ANV,Anvik
ANX,Andenes
AOC,Altenburg
AOE,EskiSehir
AOG,Anshan
AOI,Ancona
AOJ,Aomori
AOK,Karpathos
AOO,Altoona
AOR,Alor Setar
AOS,Amook Bay
AOT,Aosta
AOU,Attapeu
APA,Denver
APB,Apolo
APC,Napa
APF,Naples
APK,Apataki
APL,Nampula
APN,Alpena
APO,Apartado
APW,Apia
APX,Arapongas
AQA,Araraquara
AQG,Anqing
AQI,Qaisumah-Hafar al-Batin
AQJ,Aqaba
AQP,Arequipa
ARA,New Iberia
ARC,Arctic Village
ARD,Alor Island
ARH,Arkhangelsk
ARI,Arica
ARK,Arusha
ARM,Armidale
ARN,Stockholm
ARR,Alto RIo Senguer
ART,Watertown
ARU,Aracatuba
ARV,Minocqua-Woodruff
ARW,Arad
ARX,Aracati
ASA,Assab
ASB,Ashgabat
ASD,Andros Town
ASE,Aspen
ASF,Astrakhan
ASI,Ascension Island
ASJ,Amami
ASM,Asmara
ASO,Asosa
ASP,Alice Springs
ASR,Kayseri
AST,Astoria
ASU,Asuncion
ASV,Amboseli
ASW,Aswan
ATA,Huaraz
ATC,Arthur's Town
ATD,Atoifi
ATH,Athens
ATJ,Antsirabe
ATK,Atqasuk
ATL,Atlanta
ATM,Altamira
ATQ,Amritsar
ATT,Atmautluak
ATW,Appleton
ATY,Watertown
ATZ,Assiut
AUA,Aruba
AUC,Arauca
AUG,Augusta
AUH,Abu Dhabi
AUK,Alakanuk
AUL,Aur Atoll
AUO,Auburn
AUQ,Atuona
AUR,Aurillac
AUS,Austin
AUU,Aurukun
AUX,AraguaIna
AUY,Anatom Island
AVA,Anshun
AVL,Asheville
AVN,Avignon
AVP,Pittston Township
AVV,Melbourne
AWA,Awasa
AWD,Aniwa Island
AWZ,Ahvaz
AXA,The Valley
AXD,Alexandroupoli
AXF,Alxa Left Banner
AXJ,Amakusa
AXK,Ataq
AXM,Armenia
AXP,Spring Point
AXR,Arutua
AXT,Akita
AXU,Axum
AYN,Anyang
AYP,Ayacucho
AYQ,Yulara
AYT,Antalya
AZA,Phoenix
AZD,Yazd
AZI,Abu Dhabi
AZN,Andizhan
AZO,Kalamazoo
AZR,Adrar
AZS,El Catey
BAD,Bossier City
BAF,Westfield-Springfield
BAG,Baguio
BAH,Manama
BAI,Buenos Aires
BAL,Batman
BAQ,Barranquilla
BAR,Qionghai
BAS,Balalae Island
BAT,Barretos
BAV,Baotou
BAX,Barnaul
BAY,Baia Mare
BAZ,Barcelos
BBA,Balmaceda
BBG,Butaritari Atoll
BBI,Bhubaneswar
BBK,Kasane
BBL,Ballera gas plant
BBN,Bario
BBO,Berbera
BBQ,Barbuda
BBS,Yateley
BBU,Bucharest
BCA,Baracoa
BCD,Bacolod
BCI,Barcaldine
BCM,Bacau
BCN,Barcelona
BCO,Jinka
BCQ,Brak
BCT,Boca Raton
BCU,Bauchi
BCV,Belmopan
BDA,Hamilton
BDB,Bundaberg
BDD,Badu Island
BDH,Bandar Lengeh
BDJ,Banjarmasin
BDL,Windsor Locks
BDO,Bandung
BDP,Bhadrapur-Chandragadhi
BDQ,Vadodara
BDR,Bridgeport
BDS,Brindisi
BDU,Bardufoss
BEB,Benbecula
BED,Bedford
BEF,Bluefields
BEG,Belgrade
BEJ,Tanjung Redeb
BEK,Bareilly
BEL,Belem
BEM,Beni Mellal
BEN,Benghazi
BEO,Newcastle
BEP,Bellary
BER,Berlin
BES,Brest
BET,Bethel
BEU,Bedourie
BEW,Beira
BEY,Beirut
BEZ,Beru Island
BFC,Bloomfield
BFD,Bradford
BFF,Scottsbluff
BFH,Curitiba
BFI,Seattle
BFJ,Bijie
BFL,Bakersfield
BFM,Mobile
BFN,Bloemfontein
BFO,Chiredzi
BFQ,Puerto Pina
BFS,Belfast
BFT,Beaufort County
BFU,Bengbu
BFV,Buriram
BFX,Bafoussam
BGA,Bucaramanga
BGC,Braganca
BGF,Bangui
BGG,Bingl
BGI,Bridgetown
BGL,Baglung
BGM,Binghamton
BGN,Belaya Gora
BGO,Bergen
BGR,Bangor
BGW,Baghdad
BGX,Bage
BGY,Milan
BHB,Bar Harbor
BHD,Belfast
BHE,Blenheim
BHG,Brus Laguna
BHH,Bisha
BHI,BahIa Blanca
BHJ,Bhuj
BHK,Bukhara
BHM,Birmingham
BHO,Bhopal
BHP,Bhojpur
BHQ,Broken Hill
BHR,Bharatpur
BHS,Bathurst
BHU,Bhavnagar
BHV,Bahawalpur
BHX,Birmingham
BHY,Beihai
BIA,Bastia
BIB,Baidoa
BID,Block Island
BIF,El Paso
BIH,Bishop
BII,Bikini Atoll
BIK,Biak
BIL,Billings
BIM,Bimini
BIN,Bamyan
BIO,Bilbao
BIQ,Biarritz
BIR,Biratnagar
BIS,Bismarck
BIU,BIldudalur
BJA,Bejaia
BJB,Bojnord
BJC,Denver
BJF,Batsfjord
BJI,Bemidji
BJL,Banjul
BJM,Bujumbura
BJR,Bahir Dar
BJT,Bentota
BJU,Bajura
BJV,Bodrum
BJW,Bajawa
BJX,Leon
BJZ,Badajoz
BKB,Bikaner
BKC,Buckland
BKG,Branson
BKI,Kota Kinabalu
BKK,Bangkok
BKL,Cleveland
BKM,Bakelalan
BKN,Balkanabat
BKO,Bamako
BKQ,Blackall
BKS,Bengkulu
BKW,Beckley
BKX,Brookings
BKY,Bukavu
BKZ,Bukoba
BLA,Barcelona
BLB,Panama Pacifico
BLD,Boulder City
BLE,BorlAnge
BLI,Bellingham
BLJ,Batna
BLK,Blackpool
BLL,Billund
BLQ,Bologna
BLR,Bangalore
BLU,Emigrant Gap
BLV,Belleville
BLZ,Blantyre
BMA,Stockholm
BMB,Bumba
BMD,Belo sur Tsiribihina
BME,Broome
BMG,Bloomington
BMI,Bloomington
BMK,Borkum
BMO,Bhamo
BMP,Brampton Island
BMU,Bima
BMV,Buon Ma Thuot
BMW,Bordj Badji Mokhtar
BMY,Waala
BNA,Nashville
BNB,Boende
BNC,Beni
BND,Bandar Abbas
BNE,Brisbane
BNI,Benin City
BNK,Ballina
BNN,Bronnoysund
BNS,Barinas
BNX,Banja Luka
BNY,Bellona Island
BOA,Boma
BOB,Bora Bora
BOC,Bocas Town
BOD,Bordeaux
BOG,Bogota
BOH,Bournemouth
BOI,Boise
BOJ,Burgas
BOM,Mumbai
BON,Kralendijk
BOO,Bodo
BOS,Boston
BOY,Bobo-Dioulasso
BPC,Bamenda
BPE,Qinhuangdao
BPF,Batuna
BPG,Barra do Garcas
BPL,Bole
BPM,Hyderabad
BPN,Balikpapan
BPS,Porto Seguro
BPT,Beaumont
BPX,Qamdo
BPY,Besalampy
BQA,Baler
BQB,Busselton
BQG,Bogorodskoye
BQH,London Biggin Hill
BQJ,Batagay
BQK,Brunswick
BQL,Boulia
BQN,Aguadilla
BQS,Blagoveshchensk
BQT,Brest
BRA,Barreiras
BRB,Barreirinhas
BRC,San Carlos de Bariloche
BRD,Brainerd
BRE,Bremen
BRI,Bari
BRK,Bourke
BRL,Burlington
BRM,Barquisimeto
BRN,Bern
BRO,Brownsville
BRQ,Brno
BRR,Barra
BRS,Bristol
BRT,Bathurst Island
BRU,Brussels
BRW,Barrow
BRX,Barahona
BSA,Bosaso
BSB,BrasIlia
BSC,BahIa Solano
BSD,Baoshan
BSG,Bata
BSK,Biskra
BSL,Basel
BSO,Basco
BSP,Bensbach
BSR,Basra
BST,Lashkar Gah
BSU,Basankusu
BSX,Pathein
BTA,Bertoua
BTC,Batticaloa
BTH,Batam
BTI,Barter Island
BTJ,Banda Aceh
BTK,Bratsk
BTL,Battle Creek
BTM,Butte
BTR,Baton Rouge
BTS,Bratislava
BTT,Bettles
BTU,Bintulu
BTV,Burlington
BTW,Batu Licin
BUA,Buka Island
BUC,Burketown
BUD,Budapest
BUF,Buffalo
BUG,Benguela
BUL,Bulolo
BUN,Buenaventura
BUP,Bathinda
BUQ,Bulawayo
BUR,Burbank
BUS,Batumi
BUT,Jakar
BUU,Bungo Regency
BUW,Baubau
BUX,Bunia
BUZ,Bushehr
BVA,Beauvais
BVB,Boa Vista
BVC,Boa Vista
BVE,Brive-la-Gaillarde
BVG,Berlevag
BVH,Vilhena
BVI,Birdsville
BWA,Siddharthanagar
BWB,Barrow Island
BWE,Braunschweig
BWG,Bowling Green
BWI,Baltimore Washington metropolitan area
BWK,Bol
BWN,Bandar Seri Begawan
BWO,Balakovo
BWT,Burnie
BWU,Bankstown
BWW,Cayo Santa MarIa
BWX,Banyuwangi
BXB,Babo
BXG,Bendigo
BXH,Balkhash
BXN,Bodrum
BXR,Bam
BXT,Bontang
BXU,Butuan
BXW,Bawean
BXY,Baikonur
BYC,YacuIba
BYF,Albert
BYH,Blytheville
BYJ,Beja
BYK,Bouake
BYM,Bayamo
BYN,Bayankhongor
BYO,Bonito
BYP,Barimunya
BYR,Laeso
BZA,Bonanza
BZC,Armacao dos BUzios
BZE,Belize City
BZG,Bydgoszcz
BZI,Balikesir
BZK,Bryansk
BZL,Barisal
BZN,Bozeman
BZO,Bolzano
BZR,Beziers
BZV,Brazzaville
BZX,Bazhong
BZY,Balti
CAB,Cabinda
CAC,Cascavel
CAE,Columbia
CAF,Carauari
CAG,Cagliari
CAH,Ca Mau
CAI,Cairo
CAJ,Canaima
CAK,Akron
CAL,Campbeltown
CAN,Guangzhou
CAO,Clayton
CAP,Cap-Haitien
CAQ,Caucasia
CAT,Cascais
CAU,Caruaru
CAW,Campos dos Goytacazes
CAX,Carlisle
CAY,Cayenne
CAZ,Cobar
CBB,Cochabamba
CBD,Car Nicobar
CBG,Cambridge
CBH,Bechar
CBI,Cape Barren Island
CBJ,Pedernales
CBL,Ciudad BolIvar
CBO,Cotabato City
CBQ,Calabar
CBR,Canberra
CBS,Cabimas
CBT,Catumbela
CBU,Cottbus
CCA,Chimore
CCB,Upland
CCC,Cayo Coco
CCF,Carcassonne
CCI,Concordia
CCJ,Kozhikode
CCK,Cocos Islands
CCL,Chinchilla
CCM,CriciUma
CCN,Chaghcharan
CCP,Concepcion
CCR,Concord
CCS,Caracas
CCU,Kolkata
CCV,Craig Cove
CCX,Caceres
CCZ,Chub Cay
CDB,Cold Bay
CDC,Cedar City
CDE,Chengde
CDG,Paris
CDI,Cachoeiro de Itapemirim
CDP,Kadapa
CDR,Chadron
CDT,Castellon de la Plana
CDU,Camden
CDV,Cordova
CEB,Lapu-Lapu
CEC,Crescent City
CED,Ceduna
CEE,Cherepovets
CEF,Springfield
CEG,Chester
CEH,Chelinda
CEI,Chiang Rai
CEK,Chelyabinsk
CEL,Canela
CEM,Central
CEN,Ciudad Obregon
CEQ,Cannes
CER,Cherbourg-Octeville
CEZ,Cortez
CFB,Cabo Frio
CFC,Cacador
CFE,Clermont-Ferrand
CFG,Cienfuegos
CFK,Chlef
CFN,County Donegal
CFO,Confresa
CFR,Caen
CFS,Coffs Harbour
CFU,Corfu
CGA,Craig
CGB,Cuiaba
CGD,Changde
CGH,Sao Paulo
CGI,Cape Girardeau
CGK,Jakarta
CGM,Mambajao
CGN,Cologne
CGO,Zhengzhou
CGP,Chittagong
CGQ,Changchun
CGR,Campo Grande
CGY,Cagayan de Oro
CHA,Chattanooga
CHC,Christchurch
CHG,Chaoyang
CHH,Chachapoyas
CHM,Chimbote
CHO,Charlottesville
CHQ,Chania
CHR,Chateauroux
CHS,Charleston
CHT,Chatham Islands
CHU,Chuathbaluk
CHX,Changuinola
CHY,Choiseul Bay
CIA,Rome
CIC,Chico
CID,Cedar Rapids
CIF,Chifeng
CIH,Changzhi
CII,Aydin
CIJ,Cobija
CIK,Chalkyitsik
CIP,Chipata
CIT,Shymkent
CIU,Sault Ste Marie
CIW,Canouan
CIX,Chiclayo
CIY,Comiso
CIZ,Coari
CJA,Cajamarca
CJB,Coimbatore
CJC,Calama
CJF,Coondewanna
CJJ,Cheongju
CJL,Chitral
CJM,Chumphon
CJN,Cijulang
CJS,Ciudad Juarez
CJU,Jeju
CKB,Clarksburg
CKC,Cherkasy
CKD,Crooked Creek
CKG,Chongqing
CKH,Chokurdakh
CKI,Croker Island
CKS,Parauapebas
CKW,Christmas Creek mine
CKX,Chicken
CKY,Conakry
CKZ,canakkale
CLD,Carlsbad
CLE,Cleveland
CLJ,Cluj-Napoca
CLK,Clinton
CLL,College Station
CLM,Port Angeles
CLO,Cali
CLP,Clark's Point
CLQ,Colima City
CLT,Charlotte
CLU,Columbus
CLV,Caldas Novas
CLY,Calvi
CMA,Cunnamulla
CMB,Colombo
CME,Ciudad del Carmen
CMF,Chambery
CMG,Corumba
CMH,Columbus
CMI,Champaign
CMJ,Qimei
CMK,Club Makokola
CMN,Casablanca
CMQ,Clermont
CMU,Kundiawa
CMW,Camagey
CMX,Hancock
CNC,Coconut (Poruma) Island
CND,Constanta
CNF,Belo Horizonte
CNI,Changhai
CNJ,Cloncurry
CNL,Sindal
CNM,Carlsbad
CNN,Kannur
CNP,Ittoqqortoormiit
CNQ,Corrientes
CNS,Cairns
CNX,Chiang Mai
CNY,Moab
COC,Concordia
COD,Cody
COG,Condoto
COH,Cooch Behar
COK,Cochin
COL,Coll
COO,Cotonou
COQ,Choibalsan
COR,Cordoba
COS,Colorado Springs
COU,Columbia
CPB,Capurgana
CPC,San MartIn de los Andes
CPD,Coober Pedy
CPE,Campeche
CPF,Cepu
CPH,Copenhagen
CPO,Copiapo
CPR,Casper
CPS,Cahokia
CPT,Cape Town
CPV,Campina Grande
CPX,Culebra
CQD,Shahrekord
CQF,Calais-Dunkerque
CQM,Ciudad Real
CQW,Wulong
CRA,Craiova
CRC,Cartago
CRD,Comodoro Rivadavia
CRI,Colonel Hill
CRK,Angeles
CRL,Charleroi
CRM,Catarman
CRP,Corpus Christi
CRQ,Caravelas
CRV,Crotone
CRW,Charleston
CRZ,Trkmenabat
CSA,Colonsay
CSG,Columbus
CSH,Solovetsky Islands
CSK,Cap Skirring
CSO,Magdeburg
CSU,Santa Cruz do Sul
CSX,Changsha
CSY,Cheboksary
CTA,Catania
CTB,Cut Bank
CTC,Catamarca
CTD,Chitre
CTF,Coatepeque
CTG,Cartagena
CTL,Charleville
CTM,Chetumal
CTN,Cooktown
CTS,Sapporo
CTU,Chengdu
CUA,Ciudad Constitucion
CUC,CUcuta
CUE,Cuenca
CUF,Cuneo
CUK,CayeCaulker
CUL,Culiacan
CUM,Cumana
CUN,CancUn
CUQ,Coen
CUR,Willemstad
CUU,Chihuahua
CUZ,Cusco
CVG,Hebron
CVJ,Cuernavaca
CVM,Ciudad Victoria
CVN,Clovis
CVQ,Carnarvon
CVT,Coventry
CVU,Corvo Island
CWA,Mosinee
CWB,Curitiba
CWC,Chernivtsi
CWF,Lake Charles
CWI,Clinton
CWJ,Nuoliang Township
CWL,Cardiff
CXB,Cox's Bazar
CXF,Coldfoot
CXH,Vancouver
CXI,Christmas Island
CXJ,Caxias do Sul
CXO,Houston
CXP,Cilacap
CXR,NhaTrang
CYA,Les Cayes
CYB,Cayman Brac
CYC,CayeChapel
CYD,SanIgnacio
CYF,Chefornak
CYI,Chiayi
CYO,Cayo Largo del Sur
CYP,Calbayog
CYS,Cheyenne
CYU,Cuyo
CYX,Chersky
CYZ,Cauayan
CZA,Chichen Itza
CZE,Coro
CZH,Corozal
CZJ,Corazon de JesUs
CZL,Constantine
CZM,Cozumel
CZN,Chisana
CZS,Cruzeiro do Sul
CZU,Corozal
CZX,Changzhou
DAB,Daytona Beach
DAC,Dhaka
DAD,Da Nang
DAL,Dallas
DAM,Damascus
DAR,Dar es Salaam
DAT,Datong
DAU,Daru
DAV,David
DAX,Dazhou
DAY,Dayton
DBA,Dalbandin
DBB,El Alamein
DBC,Baicheng
DBO,Dubbo
DBQ,Dubuque
DBR,Darbhanga
DBU,Dambulla
DBV,Dubrovnik
DCA,Washington
DCF,Roseau
DCG,Dubai
DCM,Castres
DCN,Derby
DCY,Daocheng
DDC,Dodge City
DDD,Dhaalu Atoll
DDG,Dandong
DDU,Dadu
DEA,Dera Ghazi Khan
DEB,Debrecen
DEC,Decatur
DED,Dehradun
DEE,Yuzhno-Kurilsk
DEF,Dezful
DEL,Delhi
DEM,Dembidolo
DEN,Denver
DEP,Daporijo
DET,Detroit
DEX,Yahukimo
DEZ,Deir ez-Zor
DFW,Dallas
DGA,Dangriga
DGE,Mudgee
DGH,Deoghar
DGO,Durango
DGT,Dumaguete
DHI,Dhangadhi
DHM,Kangra
DHN,Dothan
DHR,Den Helder
DIB,Dibrugarh
DIE,Antsiranana
DIG,Shangri-La
DIJ,Dijon
DIK,Dickinson
DIL,Dili
DIN,Dien Bien Phu
DIO,Diomede
DIQ,Divinopolis
DIR,Dire Dawa
DIS,Dolisie
DIU,Diu
DIW,Dickwella
DIY,Diyarbakir
DJB,Jambi
DJE,Djerba
DJG,Djanet
DJH,Jebel Ali
DJJ,Jayapura
DJM,Djambala
DJN,Delta Junction
DJO,Daloa
DKA,Katsina
DKI,Dunk Island
DKR,Dakar
DKS,Dikson
DLA,Douala
DLC,Dalian
DLE,Dole
DLG,Dillingham
DLH,Duluth
DLI,Da Lat
DLM,Dalaman
DLU,Dali
DLY,Dillon's Bay
DLZ,Dalanzadgad
DMA,Tucson
DMB,Taraz
DMD,Doomadgee
DME,Moscow
DMK,Bangkok
DMM,Dammam
DMU,Dimapur
DNA,Kadena
DND,Dundee
DNH,Dunhuang
DNK,Dnipro
DNQ,Deniliquin
DNR,Dinard
DNV,Danville
DNZ,Denizli
DOB,Dobo
DOD,Dodoma
DOG,Dongola
DOH,Doha
DOK,Donetsk
DOL,Deauville
DOM,St Andrew Parish
DOP,Dolpa
DOU,Dourados
DOV,Dover
DOY,Dongying
DPA,West Chicago
DPB,Cameron
DPL,Dipolog
DPO,Devonport
DPS,DenpasarBali
DPT,Deputatsky
DQA,Daqing
DQM,Duqm
DRB,Derby
DRG,Deering
DRK,Drake Bay
DRO,Durango
DRP,Daraga
DRS,Dresden
DRT,Del Rio
DRV,Dharavandhoo
DRW,Darwin
DSA,Doncaster
DSE,Dessie
DSI,OkaloosaC
DSK,Dera Ismail Khan
DSM,Des Moines
DSN,Ordos
DSS,Dakar
DTB,Siborong-Borong
DTD,Datadawai
DTI,Diamantina
DTM,Dortmund
DTU,Wudalianchi
DTW,Detroit
DUB,Dublin
DUD,Dunedin
DUE,Dundo
DUJ,DuBois
DUM,Dumai
DUR,Durban
DUS,Dusseldorf
DUT,DutchHarb
DVD,Andavadoaka
DVL,Devils Lake
DVO,Davao
DVT,Phoenix
DWB,Soalala
DWC,Dubai
DWD,Dawadmi
DWO,kotte
DXB,Dubai
DXE,Madison
DXR,Danbury
DYG,Zhangjiajie
DYR,Anadyr
DYU,Dushanbe
DZA,Dzaoudzi
DZH,Dazhou
DZN,Zhezkazgan
EAE,Emae Island
EAL,Mejato Island
EAM,Najran
EAR,Kearney
EAS,San Sebastian
EAT,Wenatchee
EAU,Eau Claire
EBA,Elba
EBB,Entebbe
EBD,El Obeid
EBG,El Bagre
EBH,El Bayadh
EBJ,Esbjerg
EBL,Erbil
EBO,EbonIsland
EBU,Saint-etienne
ECI,Rivas
ECN,Ercan
ECP,Panama City
EDA,Edna Bay
EDI,Edinburgh
EDL,Eldoret
EDO,Edremit
EDR,Pormpuraaw
EDW,Edwards
EEK,Eek
EFD,Houston
EFL,Kefallinia
EGC,Bergerac
EGE,Vail/Eagle
EGM,Seghe
EGN,Geneina
EGO,Belgorod
EGS,Egilsstaoir
EGV,Eagle River
EGX,Egegik
EHL,El Bolson
EHU,Echeng District
EIK,Eisk
EIL,Fairbanks
EIN,Eindhoven
EIS,Tortola
EJA,Barrancabermeja
EJH,Al Wajh
EJN,Ejin Banner
EJT,Enejit
EKO,Elko
EKS,Shakhtyorsk
ELC,Elcho Island
ELD,El Dorado
ELF,El Fasher
ELG,El Golea
ELH,North Eleuthera
ELI,Elim
ELL,Ellisras
ELM,Elmira
ELP,El Paso
ELQ,Buraidah
ELS,East London
ELT,El Tor
ELU,El Oued
ELV,Elfin Cove
ELY,Ely
EMA,East Midlands
EMD,Emerald
EMK,Emmonak
EML,Emmen
EMN,Nema
EMO,Emo
ENA,Kenai
ENE,Ende
ENF,Enontekio
ENH,Enshi
ENI,El Nido
ENO,Encarnacion
ENS,Enschede
ENT,Enewetak
ENU,Enugu
ENW,Kenosha
ENY,Yan'an
EOH,MedellIn
EOI,Eday
EPA,El Palomar
EPL,epinal
EPR,Esperance
EPU,PArnu
EQS,Esquel
ERC,Erzincan
ERF,Erfurt
ERG,Yerbogachen
ERH,Errachidia
ERI,Erie
ERL,Erenhot
ERM,Erechim
ERN,Eirunepe
ERQ,Eloise Copper Mine
ERS,Windhoek
ERZ,Erzurum
ESB,Ankara
ESC,Escanaba
ESD,Eastsound
ESG,Mariscal Estigarribia
ESH,Shoreham
ESL,Elista
ESM,Esmeraldas
ESR,El Salvador
ESS,Essen
ESU,Essaouira
ETM,Eilat
ETR,Santa Rosa
ETZ,Metz/Nancy
EUA,Eua
EUG,Eugene
EUN,Laayoune
EUQ,Antique
EUX,StEustatius
EVA,Evadale
EVE,Harstad-Narvik
EVG,Sveg
EVN,Yerevan
EVV,Evansville
EWB,New Bedford
EWE,Ewer
EWI,Enarotali
EWN,New Bern
EWR,Newark
EXI,Excursion
EXT,Exeter
EYK,Beloyarsky
EYP,Yopal
EYW,Key West
EZE,Buenos Aires
EZS,Elazig
EZV,Beryozovo
FAA,Faranah
FAB,Farnborough
FAC,Faaite
FAE,FaroeIs
FAH,Farah
FAI,Fairbanks
FAO,Faro
FAR,Fargo
FAT,Fresno
FAU,Fahud
FAV,Fakarava
FAY,Fayetteville
FAZ,Fasa
FBA,Fonte Boa
FBD,Fayzabad
FBE,Francisco Beltrao
FBM,Lubumbashi
FBS,Friday Harbor
FCA,Kalispell
FCN,Cuxhaven
FCO,Rome
FDE,Forde
FDF,Fort de France
FDH,Friedrichshafen
FEC,Feira de Santana
FEG,Fergana
FEN,Fernando de Noronha
FEZ,Fez
FGI,Apia
FGU,Fangatau
FHU,Fort Huachuca
FHZ,Fakahina
FIE,Fair Isle
FIH,Kinshasa
FIZ,Fitzroy Crossing
FJR,Fujairah
FKB,Karlsruhe
FKI,Kisangani
FKL,Franklin
FKQ,Fakfak
FKS,Fukushima
FLA,Florencia
FLG,Flagstaff
FLI,Flateyri
FLL,Fort Lauderdale
FLN,Florianopolis
FLO,Florence
FLR,Florence
FLS,Flinders Island
FLW,Flores Island
FLZ,Sibolga
FMA,Formosa
FMI,Kalemie
FMM,Memmingen
FMN,Farmington
FMO,Mnster
FMY,Fort Myers
FNA,Freetown
FNB,Neubrandenburg
FNC,Funchal
FND,Funadhoo
FNE,Fane
FNI,NImes
FNJ,Pyongyang
FNL,Fort Collins
FNT,Flint
FOA,Foula
FOC,Fuzhou
FOD,Fort Dodge
FOE,Topeka
FOG,Foggia
FON,Fortuna
FOR,Fortaleza
FOY,Foya
FPO,Freeport
FRA,Frankfurt
FRC,Franca
FRD,Friday Harbor
FRE,Fera Island
FRG,Farmingdale
FRL,Forli
FRO,Floro
FRS,Flores
FRU,Bishkek
FRW,Francistown
FSC,Figari
FSD,Sioux Falls
FSM,Fort Smith
FSP,Saint Pierre
FSZ,Shizuoka
FTA,Futuna Island
FTE,El Calafate
FTI,Fitiuta
FTU,Tolanaro
FTW,Fort Worth
FTY,Atlanta
FUE,Fuerteventura
FUG,Fuyang
FUJ,Fukue
FUK,Fukuoka
FUN,Funafuti
FUO,Foshan
FUT,Futuna Island
FVM,Fuvahmulah
FWA,Fort Wayne
FXE,Fort Lauderdale
FXO,Cuamba
FYJ,Fuyuan
FYN,Fuyun
FYT,Faya Largeau
FYU,Fort Yukon
FYV,Fayetteville
FZL,Fuzuli
GAC,Gracias
GAE,Gabes
GAF,Gafsa
GAJ,Yamagata
GAL,Galena
GAM,Gambell
GAN,Gan Island
GAO,Guantanamo
GAQ,Gao
GAS,Garissa
GAU,Guwahati
GAX,Gamba
GAY,Gaya
GBB,Qabala
GBD,Great Bend
GBE,Gaborone
GBI,Kalaburagi
GBL,Goulburn Islands
GBT,Gorgan
GBW,Ginbata
GCC,Gillette
GCH,Gachsaran
GCI,The Forest
GCJ,Johannesburg
GCK,Garden City
GCM,Grand Cayman
GCN,Grand Canyon
GCT,Whitmore
GCW,Peach Springs
GDE,Gode
GDL,Guadalajara
GDN,Gdansk
GDO,Guasdualito
GDQ,Gondar
GDT,Grand Turk Island
GDV,Glendive
GDX,Magadan
GDZ,Gelendzhik
GEA,Noumea
GEG,Spokane
GEL,Santo angelo
GEM,Mengomeyen
GEO,Georgetown
GER,Nueva Gerona
GES,General Santos
GET,Geraldton
GEV,GAllivare
GFF,Griffith
GFK,Grand Forks
GFN,Grafton
GGG,Longview
GGM,Kakamega
GGR,Garowe
GGT,GeorgeTown
GGW,Glasgow
GHA,Ghardaia
GHB,Governor's Harbour
GHC,Great Harbour Cay
GHE,Garachine
GHS,Melak
GHT,Ghat
GHV,Brasov
GIB,Gibraltar
GIC,Boigu Island
GIG,Rio de Janeiro
GIL,Gilgit
GIS,Gisborne
GIT,Geita
GIU,Sigiriya
GIZ,Jizan
GJA,Guanaja
GJL,Jijel
GJR,Gjgur
GJT,Grand Junction
GKA,Goroka
GKK,Kooddoo
GLA,Glasgow
GLF,Golfito
GLH,Greenville
GLK,Galkayo
GLN,Guelmim
GLO,Gloucester
GLT,Gladstone
GLU,Gelephu
GLV,Golovin
GLX,Galela
GMA,Gemena
GMB,Gambela
GMD,Ben Slimane
GME,Gomel
GMO,Gombe
GMP,Seoul
GMQ,Golog
GMR,Totegegie
GMZ,La Gomera
GNA,Grodno
GNB,Grenoble
GND,Grenada
GNI,Lyudao
GNJ,Ganja
GNM,Guanambi
GNS,Gunungsitoli
GNU,Goodnews Bay
GNV,Gainesville
GNY,Sanliurfa
GOA,Genoa
GOB,Goba
GOH,Nuuk
GOI,Goa
GOJ,Nizhny Novgorod
GOM,Goma
GOP,Gorakhpur
GOQ,Golmud
GOT,Gothenburg
GOU,Garoua
GOV,Nhulunbuy
GOX,Mopa
GOZ,Gorna Oryahovitsa
GPA,Patras
GPB,Guarapuava
GPD,Mount Gordon Mine
GPI,Guapi
GPN,GardenPnt
GPO,General Pico
GPS,Baltra Island
GPT,Gulfport
GRB,Green Bay
GRD,Greenwood
GRF,Tacoma
GRI,Grand Island
GRJ,George
GRK,Killeen
GRN,Gordon
GRO,Girona
GRQ,Groningen
GRR,Grand Rapids
GRS,Grosseto
GRU,Sao Paulo
GRV,Grozny
GRW,Graciosa
GRX,Granada
GRY,GrImsey
GRZ,Graz
GSA,Long Pasia
GSE,Gothenburg
GSM,Qeshm
GSO,Greensboro
GSP,Greenville
GSQ,Sharq Al Owainat
GST,Gustavus
GSV,Saratov
GTA,Gatokae
GTE,Groote Eylandt
GTF,Great Falls
GTO,Gorontalo
GTP,Grants Pass
GTR,Columbus
GTS,The Granites
GTZ,Grumeti
GUA,Guatemala City
GUB,Guerrero Negro
GUC,Gunnison
GUF,Gulf Shores
GUM,Guam
GUR,Alotau
GUW,Atyrau
GUZ,Guarapari
GVA,Geneva
GVN,Sovetskaya Gavan
GVR,Governador Valadares
GWD,Gwadar
GWL,Gwalior
GWO,Greenwood
GWT,Sylt
GWY,Galway
GXF,Sayun
GXH,Xiahe
GYA,GuayaramerIn
GYD,Baku
GYE,Guayaquil
GYG,Magan
GYI,Gisenyi
GYL,Argyle
GYM,Guaymas
GYN,Goiania
GYR,Goodyear
GYS,Guangyuan
GYU,Guyuan
GYZ,Gruyere
GZG,Garze County
GZI,Ghazni
GZO,Gizo
GZP,GazipaSa
GZT,Gaziantep
HAA,Hasvik
HAC,Hachijo jima
HAD,Halmstad
HAH,Moroni
HAJ,Hanover
HAK,Haikou
HAM,Hamburg
HAN,Hanoi
HAQ,Hanimaadhoo
HAR,Harrisburg
HAS,Hail
HAU,Haugesund
HAV,Havana
HBA,Hobart
HBE,Borg El Arab
HBQ,Qilian
HBU,Bulgan (Khovd Province)
HBX,Hubli
HCJ,Hechi
HCN,Hengchun
HCQ,Halls Creek
HCR,Holy Cross
HCZ,Chenzhou
HDD,Hyderabad
HDF,Heringsdorf
HDG,Handan
HDK,Kulhudhuffush
HDM,Hamadan
HDN,Hayden
HDS,Hoedspruit
HDY,Hat Yai
HEA,Herat
HEH,Heho
HEK,Heihe
HEL,Helsinki
HEM,Helsinki
HER,Heraklion
HET,Hohhot
HEZ,Natchez
HFA,Haifa
HFD,Hartford
HFE,Hefei
HFN,Hornafjordur
HFS,Hagfors
HFT,Hammerfest
HGA,Hargeisa
HGD,Hughenden
HGH,Hangzhou
HGI,Higlieg
HGL,Heligoland
HGN,Mae Hong Son
HGO,Korhogo
HGR,Hagerstown
HGU,Mount Hagen
HHH,Hilton Head Island
HHN,Lautzenhausen
HHQ,Hua Hin
HHR,Hawthorne
HHZ,Hikueru
HIA,Huai'an
HIB,Hibbing
HID,Horn Island
HIJ,Hiroshima
HIL,Shilavo
HIM,Hingurakgoda
HIN,Jinju
HIR,Honiara
HJJ,Huaihua
HJR,Khajuraho
HKB,Healy Lake
HKD,Hakodate
HKG,Hong Kong
HKK,Hokitika
HKN,Hoskins
HKS,Jackson
HKT,Phuket
HLA,Johannesburg
HLD,Hailar
HLE,Jamestown
HLH,Ulanhot
HLN,Helena
HLP,Jakarta
HLT,Hamilton
HLZ,Hamilton
HMA,Khanty-Mansiysk
HMB,Sohag
HME,Hassi Messaoud
HMI,Hami
HMJ,Khmelnytsky
HMO,Hermosillo
HMV,Hemavan
HNA,Hanamaki
HND,Tokyo
HNH,Hoonah
HNL,Honolulu
HNM,Hana
HNS,Haines
HNY,Hengyang
HOB,Hobbs
HOD,Hudaydah
HOE,Ban Huoeisay
HOF,Hofuf
HOG,HolguIn
HOI,Hao
HOM,Homer
HON,Huron
HOP,Hopkinsville
HOQ,Hof
HOR,Horta
HOS,Chos Malal
HOT,Hot Springs
HOU,Houston
HOV,orsta-Volda
HOX,Homalin
HPA,Ha'Apai
HPB,Hooper Bay
HPG,Shennongjia
HPH,Haiphong
HPN,Westcheste
HRB,Harbin
HRE,Harare
HRG,Hurghada
HRI,Hambantota
HRK,Kharkiv
HRL,Harlingen
HRM,Hassi R'Mel
HRO,Harrison
HSA,Turkistan
HSC,Shaoguan
HSG,Saga
HSK,Huesca
HSL,Huslia
HSN,Zhoushan
HSR,Rajkot
HSS,Hisar
HSV,Huntsville
HTA,Chita
HTG,Khatanga
HTI,Hamilton Island
HTM,Khatgal
HTN,Hotan
HTO,East Hampton
HTS,Huntington
HTT,Huatugou
HTY,Hatay
HUE,Humera
HUF,Terre Haute
HUH,Huahine
HUI,Hue
HUN,Hualien
HUO,Holingol
HUQ,Hun
HUS,Hughes
HUU,Huanuco
HUW,Humaita
HUX,Huatulco
HUY,Humberside
HUZ,Huizhou
HVB,Hervey Bay
HVD,Khovd
HVG,Honningsvag
HVN,New Haven
HVR,Havre
HWD,Hayward
HWO,Hollywood
HXD,Delingha
HYA,Hyannis
HYD,Hyderabad
HYG,Hydaburg
HYL,Hollis
HYN,Taizhou
HYS,Hays
HZA,Heze
HZG,Hanzhong
HZH,Liping
HZK,HUsavIk
IAA,Igarka
IAD,Washington
IAG,Niagara Falls
IAH,Houston
IAM,In Amenas
IAN,Kiana
IAO,Del Carmen
IAR,Yaroslavl
IAS,Iasi
IBA,Ibadan
IBE,Ibague
IBR,Ibaraki
IBZ,Ibiza
ICI,Cicia Island
ICN,Seoul
ICO,Sicogon
ICT,Wichita
IDA,Idaho Falls
IDR,Indore
IEG,Zielona Gora
IEV,Kyiv
IFJ,Isafjrour
IFN,Isfahan
IFO,Ivano-Frankivsk
IFP,Bullhead City
IFU,Ifuru
IGA,Inagua Islands
IGD,Igdir
IGG,Igiugig
IGM,Kingman
IGR,IguazU
IGS,Ingolstadt
IGT,Magas
IGU,Foz do Iguacu
IHR,Iranshahr
IIA,Inishmaan
IIL,Ilam
IJK,Izhevsk
IKA,Tehran
IKI,Iki
IKO,Nikolski
IKS,Tiksi
IKT,Irkutsk
IKU,Tamchy
ILD,Lleida
ILG,Wilmington
ILI,Iliamna
ILM,Wilmington
ILN,Wilmington
ILO,Iloilo
ILP,Ile des Pins
ILQ,Ilo
ILR,Ilorin
ILY,Islay
ILZ,Zilina
IMF,Imphal
IMK,Simikot
IMO,Zemio
IMP,Imperatriz
IMQ,Maku
IMT,Iron Mountain
INA,Inta
INB,Independence
INC,Yinchuan
IND,Indianapolis
INF,In Guezzam
INH,Inhambane
INI,Nis
INL,International Falls
INN,Innsbruck
INO,Inongo
INQ,Inisheer
INT,Winston-Salem
INU,NauruIsland
INV,Inverness
INZ,In Salah
IOA,Ioannina
IOM,Ronaldsway
IOR,Inishmore
IOS,Ilheus
IOT,Avannaata
IPA,Ipota
IPC,Easter Island
IPH,Ipoh
IPI,Ipiales
IPL,Imperial
IPN,Ipatinga
IPT,Williamsport
IPZ,San Isidro de El General
IQM,Qiemo
IQN,Qingyang
IQQ,Iquique
IQT,Iquitos
IRA,Kirakira
IRC,Circle
IRD,Ishwardi
IRE,Irece
IRG,Lockhart River
IRI,Iringa
IRJ,La Rioja
IRK,Kirksville
IRM,Igrim
IRP,Isiro
IRZ,Santa Isabel do Rio Negro
ISA,Mount Isa
ISB,Islamabad
ISC,Isles of Scilly
ISE,Isparta
ISG,Ishigaki
ISK,Nashik
ISL,Istanbul
ISN,Williston
ISO,Kinston
ISP,Islip
IST,Istanbul
ISU,Sulaymaniyah
ITB,Itaituba
ITH,Ithaca
ITK,Itokama
ITM,Osaka
ITO,Hilo
ITU,Iturup
IUE,Niue Island
IVC,Invercargill
IVL,Ivalo
IVR,Inverell
IWA,Ivanovo
IWD,Ironwood
IWJ,Iwami
IWK,Iwakuni
IWO,Iwo Jima
IXA,Agartala
IXB,Bagdogra
IXC,Chandigarh
IXD,Allahabad
IXE,Mangalore
IXG,Belgaum
IXI,Lilabari
IXJ,Jammu
IXK,Keshod
IXL,Leh
IXM,Madurai
IXP,Pathankot
IXQ,Kamalpur
IXR,Ranchi
IXS,Silchar
IXT,Pasighat
IXU,Aurangabad
IXV,Along
IXW,Jamshedpur
IXX,Bidar
IXY,Kandla
IXZ,Port Blair
IYK,Inyokern
IZA,Juiz de Fora
IZO,Izumo
IZT,Ixtepec
JAA,Jalalabad
JAC,Jackson
JAD,Perth
JAE,Jaen
JAF,Jaffna
JAI,Jaipur
JAK,Jacmel
JAL,Jalapa
JAN,Jackson
JAR,Jahrom
JAU,Jauja
JAV,Ilulissat
JAX,Jacksonville
JBB,Jember
JBQ,Santo Domingo
JBR,Jonesboro
JCB,Joacaba
JCI,Olathe
JCK,Julia Creek
JDF,Juiz de Fora
JDH,Jodhpur
JDO,Juazeiro do Norte
JDR,Sao Joao del Rei
JDZ,Jingdezhen
JED,Jeddah
JEE,Jeremie
JEG,Aasiaat
JEJ,Jeh Island
JEK,Jeki
JEQ,Jequie
JER,Jersey
JFK,New York
JFR,Paamiut
JGA,Jamnagar
JGB,Jagdalpur
JGD,Jiagedaqi
JGN,Jiayuguan
JGS,Ji'an
JHB,Johor Bahru
JHG,Jinghong
JHM,Kapalua
JHS,Sisimiut
JHW,Jamestown
JIA,JuIna
JIB,Djibouti
JIC,Jinchang
JIJ,Jijiga
JIK,Ikaria Island
JIM,Jimma
JIN,Jinja
JIO,Tiakur
JIQ,Qianjiang
JIU,Jiujiang
JJA,Jajao
JJD,Cruz
JJG,Jaguaruna
JJM,Meru National Park
JJN,Jinjiang
JKG,Jnkping
JKH,Chios Island
JKL,Kalymnos
JKR,Janakpur
JLN,Joplin
JLR,Jabalpur
JMJ,Lancang
JMK,Mykonos
JMO,Jomsom
JMS,Jamestown
JMU,Jiamusi
JNB,Johannesburg
JNJ,Duqm
JNU,Juneau
JNX,Naxos
JNZ,Jinzhou
JOE,Joensuu
JOG,Yogyakarta
JOI,Joinville
JOK,Yoshkar-Ola
JOL,Jolo
JOM,Njombe
JOS,Jos
JPA,Joao Pessoa
JPR,Ji-Parana
JQA,Qaarsut
JQE,Jaque
JRF,Kapalua
JRG,Jharsuguda
JRH,Jorhat
JRO,Kilimanjaro
JSA,Jaisalmer
JSH,Sitia
JSI,Skiathos
JSJ,Jiansanjiang
JSK,Jask
JSR,Jessore
JST,Johnstown
JSU,Maniitsoq
JSY,Syros
JTC,Bauru
JTR,Thira
JTY,Astypalaia
JUA,Juara
JUB,Juba
JUH,Chizhou
JUI,Juist
JUJ,Jujuy
JUL,Juliaca
JUM,Jumla
JUV,Upernavik
JUZ,Quzhou
JVA,Ankavandra
JVL,Janesville
JWN,Zanjan
JXA,Jixi
JYR,Jiroft
JYV,JyvAskylA
JZH,Jiuzhaigou
KAA,Kasama
KAB,Kariba
KAC,Kamishly
KAD,Kaduna
KAE,Kake
KAJ,Kajaani
KAL,Kaltag
KAN,Kano
KAO,Kuusamo
KAS,Karasburg
KAT,Kaitaia
KAW,Kawthaung
KAX,Kalbarri
KAY,Wakaya Island
KAZ,Kao
KBC,Birch Creek
KBL,Kabul
KBP,Kyiv
KBR,Kota Bharu
KBT,Kaben
KBU,Kotabaru
KBV,Krabi
KBZ,Kaikoura
KCA,Kuqa
KCC,Coffman Cove
KCF,Kadanwari
KCG,Chignik
KCH,Kuching
KCK,Kirensk
KCL,Chignik Lagoon
KCM,KahramanmaraS
KCO,Kocaeli
KCQ,Chignik Lake
KCT,Koggala
KCZ,Kochi
KDA,Kolda
KDH,Kandahar
KDI,Kendari
KDK,Kodiak
KDL,KArdla
KDM,Kaadedhdhoo Island
KDN,Ndende
KDO,Kadhdhoo Island
KDU,Skardu
KDV,Kadavu
KDX,Kaduqli
KDY,Khandyga
KDZ,Kandy
KEB,Nanwalek
KEC,Kasenga
KED,Kaedi
KEF,ReykjavIk
KEH,Kenmore
KEJ,Kemerovo
KEK,Ekwok
KEL,Kiel
KEM,Kemi-Tornio
KEO,Odienne
KEP,Nepalgunj
KER,Kerman
KET,Kengtung
KEU,Keekorok
KEW,Keewaywin
KEZ,Colombo
KFE,Cloudbreak
KFP,False Pass
KFS,Kastamonu
KFZ,Kukes
KGA,Kananga
KGC,Kingscote
KGD,Kaliningrad
KGE,Kaghau Island
KGF,Karaganda
KGI,Kalgoorlie
KGJ,Karonga
KGK,Koliganek
KGL,Kigali
KGP,Kogalym
KGS,Kos
KGT,Kangding
KGX,Grayling
KHD,Khorramabad
KHE,Kherson
KHG,Kashgar
KHH,Kaohsiung
KHI,Karachi
KHK,Kharg Island
KHM,Khamti
KHN,Nanchang
KHS,Khasab
KHT,Khost
KHV,Khabarovsk
KHX,Kihihi
KHY,Khoy
KHZ,Kauehi
KID,Kristianstad
KIE,Kieta
KIF,Kingfisher Lake
KIH,Kish Island
KIJ,Niigata
KIK,Kirkuk
KIM,Kimberley
KIN,Kingston
KIO,Kili Island
KIR,Kerry
KIS,Kisumu
KIT,Kythira
KIW,Kitwe
KIX,Osaka
KIY,Kilwa Masoko
KJA,Krasnoyarsk
KJB,Orvakal
KJH,HuangPing
KJI,Burqin
KJK,Kortrijk
KJT,Majalengka
KKA,Koyuk
KKB,Kitoi Bay
KKC,Khon Kaen
KKD,Kokoda
KKE,Kerikeri
KKH,Kongiganak
KKI,Akiachak
KKJ,Kitakyushu
KKM,Lopburi
KKN,Kirkenes
KKQ,Krasnoselkup
KKR,Kaukura Atoll
KKS,Kashan
KKU,Ekuk
KKX,Kikai
KLB,Kalabo
KLD,Tver
KLF,Kaluga
KLG,Kalskag
KLH,Kolhapur
KLL,Levelock
KLM,Kalaleh
KLN,Larsen Bay
KLO,Kalibo
KLR,Kalmar
KLU,Klagenfurt
KLV,Karlovy Vary
KLW,Klawock
KLX,Kalamata
KMA,Kerema
KMC,King Khalid Military City
KME,Cyangugu
KMG,Kunming
KMI,Miyazaki
KMJ,Kumamoto
KMN,Kamina
KMO,Manokotak
KMQ,Komatsu
KMS,Kumasi
KMU,Kismayo
KMV,Kalaymyo
KMW,Kostroma
KMY,Moser Bay
KND,Kindu
KNG,Utarom
KNH,Kinmen
KNK,Kokhanok
KNO,Medan
KNQ,Kone
KNR,Kangan
KNS,King Island
KNU,Kanpur
KNW,New Stuyahok
KNX,Kununurra
KOA,Kona
KOC,Koumac
KOE,Kupang
KOI,Kirkwall
KOJ,Kagoshima
KOK,Kokkola-Pietarsaari
KOM,Komo-Manda
KOO,Kongolo
KOP,Nakhon Phanom
KOS,Sihanoukville
KOT,Kotlik
KOU,Koulamoutou
KOV,Kokshetau
KOW,Ganzhou
KOY,Olga Bay
KOZ,Ouzinkie
KPB,Point Baker
KPC,Port Clarence
KPN,Kipnuk
KPO,Pohang
KPR,Port Williams
KPV,Perryville
KPW,Keperveyem
KPY,Port Bailey
KQA,Akutan
KQH,Kishangarh
KQT,Qurghonteppa
KRB,Karumba
KRC,Kerinci
KRF,Kramfors-Solleftea
KRI,Kikori
KRK,Krakow
KRL,Korla
KRN,Kiruna
KRO,Kurgan
KRP,Karup
KRR,Krasnodar
KRS,Kristiansand
KRT,Khartoum
KRW,TrkmenbaSy
KRY,Karamay
KRZ,Kiri
KSA,Kosrae
KSC,Kosice
KSD,Karlstad
KSE,Kasese
KSF,Kassel
KSH,Kermanshah
KSJ,Kasos Island
KSL,Kassala
KSM,St. Mary's
KSN,Kostanay
KSO,Kastoria
KSQ,Karshi
KSR,Selayar Islands
KSU,Kristiansund
KSY,Kars
KSZ,Kotlas
KTA,Karratha
KTB,Thorne Bay
KTD,Kitadaito
KTE,Kerteh
KTF,Takaka
KTG,Ketapang
KTJ,Narok
KTL,Kitale
KTM,Kathmandu
KTN,Ketchikan
KTP,Kingston
KTR,Katherine
KTS,Brevig Mission
KTT,KittilA
KTU,Kota
KTW,Katowice
KUA,Kuantan
KUC,Kuria
KUD,Kudat
KUF,Samara
KUG,Kubin
KUH,Kushiro
KUK,Kasigluk
KUL,Kuala Lumpur
KUM,Yakushima
KUN,Kaunas
KUO,Kuopio
KUS,Kulusuk
KUT,Kutaisi
KUU,Kullu
KUV,Gunsan
KVA,Kavala
KVB,Skvde
KVC,King Cove
KVG,Kavieng
KVK,Kirovsk-Apatity
KVL,Kivalina
KVM,Markovo
KVO,Kraljevo
KVR,Kavalerovo
KVX,Kirov
KWA,Kwajalein
KWB,Karimun Java
KWE,Guiyang
KWF,Waterfall
KWG,Kryvyi Rih
KWI,Kuwait
KWJ,Gwangju
KWK,Kwigillingok
KWL,Guilin
KWM,Kowanyama
KWN,Quinhagak
KWP,West Point
KWS,Kwailabesi
KWT,Kwethluk
KWZ,Kolwezi
KXA,Kasaan
KXB,Kolaka
KXF,Koro Island
KXK,Komsomolsk-on-Amur
KXU,Katiu
KYA,Konya
KYD,Lanyu
KYE,Tripoli
KYK,Karluk
KYP,Kyaukpyu
KYS,Kayes
KYU,Koyukuk
KYZ,Kyzyl
KZB,Zachar Bay
KZI,Kozani
KZN,Kazan
KZO,Kyzylorda
KZR,Ktahya
KZS,Megisti
LAD,Luanda
LAE,Lae
LAF,Lafayette
LAH,Labuha
LAI,Lannion
LAJ,Lages
LAK,Aklavik
LAL,Lakeland
LAM,Los Alamos
LAN,Lansing
LAO,Laoag
LAP,La Paz
LAQ,Bayda
LAR,Laramie
LAS,Las Vegas
LAU,Lamu
LAW,Lawton
LAX,Los Angeles
LBA,Leeds-Bradford
LBB,Lubbock
LBC,Lbeck
LBD,Khujand
LBE,Latrobe
LBF,North Platte
LBG,Paris
LBJ,Labuan Bajo
LBL,Liberal
LBN,Lake Baringo
LBO,Lusambo
LBP,Long Banga
LBR,Labrea
LBS,Labasa
LBU,Labuan
LBV,Libreville
LBW,Long Bawan
LBX,Lubang
LCA,Larnaca
LCE,La Ceiba
LCG,aCoruna
LCH,Lake Charles
LCJ,Lodz
LCK,Columbus
LCM,La Cumbre
LCP,Loncopue
LCR,La Chorrera
LCX,Longyan
LCY,London
LDA,Malda
LDB,Londrina
LDE,Tarbes-Lourdes
LDG,Leshukonskoye
LDH,Lord Howe Island
LDI,Lindi
LDN,Lamidanda
LDS,Yichun
LDU,Lahad Datu
LDY,Londonderry
LDZ,Londolozi
LEA,Learmonth
LEB,Lebanon
LEC,Lencois
LED,Saint Petersburg
LEE,Leesburg
LEH,Le Havre
LEI,AlmerIa
LEJ,Leipzig
LEL,Gapuwiyak
LEN,Leon
LEQ,Land'sEnd
LER,Leinster
LET,Leticia
LEU,La Seu d'Urgell
LEV,Levuka
LEX,Lexington
LEY,Lelystad
LFM,Lamerd
LFP,Lakefield
LFQ,Linfen
LFR,La FrIa
LFT,Lafayette
LFW,Lome
LGA,New York
LGB,Long Beach
LGG,Liege
LGI,Deadman's Cay
LGK,Langkawi
LGL,Long Lellang
LGQ,LagoAgrio
LGS,Malarge
LGU,Logan
LGW,London
LHA,Lahr
LHE,Lahore
LHR,London
LHW,Lanzhou
LIF,Lifou
LIG,Limoges
LIH,Lihue
LIK,Likiep Atoll
LIL,Lille
LIM,Lima
LIN,Milan
LIO,Limon
LIQ,Lisala
LIR,Liberia
LIS,Lisbon
LIT,Little Rock
LIW,Loikaw
LIX,Likoma Island
LJA,Lodja
LJG,Lijiang
LJU,Ljubljana
LKA,Larantuka
LKB,Lakeba Island
LKE,Seattle
LKG,Lokichogio
LKH,Long Akah
LKL,Lakselv
LKN,Leknes
LKO,Lucknow
LKY,Lake Manyara
LLA,Lulea
LLB,Libo
LLC,Lal-lo
LLF,Yongzhou
LLG,Chillagoe
LLI,Lalibela
LLJ,Lubuklinggau
LLK,Lankaran
LLM,ReefIslands
LLO,Palopo
LLV,Lliang
LLW,Lilongwe
LMA,Lake Minchumina
LMC,La Macarena
LME,Le Mans
LML,Lae Atoll
LMM,Los Mochis
LMN,Limbang
LMP,Lampedusa
LMT,Klamath Falls
LMU,JemajaIsland
LMV,Madivaru
LMY,Lake Murray
LMZ,Palma
LNB,Lamen Bay
LNC,Lengbati
LNE,Lonorore
LNJ,Lincang
LNK,Lincoln
LNL,Longnan
LNO,Leonora
LNS,Lancaster
LNV,Lihir Island
LNY,Lanai City
LNZ,Linz
LOD,Longana
LOE,Loei
LOH,Loja
LOK,Lodwar
LOO,Laghouat
LOP,Praya
LOS,Lagos
LOV,Monclova
LOY,Loiyangalani
LOZ,London
LPA,LasPalmas
LPB,La Paz
LPC,Lompoc
LPD,La Pedrera
LPF,Liupanshui
LPG,La Plata
LPI,Linkping
LPK,Lipetsk
LPL,Liverpool
LPM,Lamap
LPP,Lappeenranta
LPQ,Luang Prabang
LPS,Lopez Island
LPT,Lampang
LPU,Long Apung
LPX,Liepja
LPY,Le Puy-en-Velay
LQM,Puerto LeguIzamo
LQN,Qala i Naw
LRD,Laredo
LRE,Longreach
LRH,La Rochelle
LRL,Niamtougou
LRM,La Romana
LRR,Lar
LRS,Leros
LRT,Lorient
LRV,Los Roques
LSA,Kiriwina Island
LSC,La Serena
LSE,La Crosse
LSH,Lashio
LSI,Shetland Islands
LSO,Les Sables-dOlonne
LSP,Punto Fijo
LSQ,Los angeles
LST,Launceston
LSV,Las Vegas
LSW,Lhokseumawe
LSY,Lismore
LSZ,MaliLosinj
LTD,Ghadames
LTI,Altai
LTK,Latakia
LTM,Lethem
LTN,London
LTO,Loreto
LTQ,Le Touquet
LTT,Saint-Tropez
LTU,Latur
LTX,Latacunga
LUA,Lukla
LUC,Laucala Island
LUD,Lderitz
LUG,Lugano
LUH,Ludhiana
LUK,Cincinnati
LUM,Mangshi
LUN,Lusaka
LUO,Luena
LUP,Kalaupapa
LUQ,San Luis
LUR,Cape Lisburne
LUS,Lusanga
LUV,Langgur
LUW,Luwuk
LUX,Luxembourg
LUZ,Lublin
LVI,Livingstone
LVK,Livermore
LVO,Laverton
LVP,Lavan Island
LVR,Lucas do Rio Verde
LWA,Lebak
LWB,Lewisburg
LWE,Lewoleba
LWK,Lerwick
LWN,Gyumri
LWO,Lviv
LWS,Lewiston
LWT,Lewistown
LWY,Lawas
LXA,Lhasa
LXG,Luang Namtha
LXR,Luxor
LXS,Lemnos
LYA,Luoyang
LYB,Little Cayman
LYC,Lycksele
LYG,Lianyungang
LYH,Lynchburg
LYI,Linyi
LYN,Lyon
LYP,Faisalabad
LYR,Longyearbyen
LYS,Lyon
LYX,Lydd
LZC,Lazaro Cardenas
LZH,Liuzhou
LZI,Luozi
LZN,Matsu
LZO,Luzhou
LZR,Lizard Island
LZU,Lawrenceville
LZY,Nyingchi
MAA,Chennai
MAB,Maraba
MAD,Madrid
MAF,Midland
MAG,Madang
MAH,Menorca
MAJ,Majuro
MAK,Malakal
MAM,Matamoros
MAN,Manchester
MAO,Manaus
MAQ,Mae Sot
MAR,Maracaibo
MAS,Manus Island
MAT,Matadi
MAU,Maupiti
MAV,Maloelap Atol
MAX,Matam
MAY,Mangrove Cay
MAZ,Mayagez
MBA,Mombasa
MBD,Mmabatho
MBE,Monbetsu
MBI,Mbeya
MBJ,Montego Bay
MBL,Manistee
MBO,Mamburao
MBS,Saginaw
MBT,Masbate
MBW,Melbourne
MBX,Maribor
MCE,Merced
MCG,McGrath
MCI,Kansas City
MCJ,Maicao
MCK,McCook
MCN,Macon
MCO,Orlando
MCP,Macapa
MCT,Muscat
MCV,McArthur River
MCW,Mason City
MCX,Makhachkala
MCY,Sunshine Coast
MCZ,Maceio
MDC,Manado
MDE,MedellIn
MDG,Mudanjiang
MDI,Makurdi
MDK,Mbandaka
MDL,Mandalay
MDQ,Mar del Plata
MDT,Harrisburg
MDU,Mendi
MDW,Chicago
MDY,Sand Island
MDZ,Mendoza
MEA,Macae
MEB,Melbourne
MEC,Manta
MED,Medina
MEE,Mare
MEG,Malanje
MEH,Mehamn
MEI,Meridian
MEL,Melbourne
MEM,Memphis
MEQ,Meulaboh
MER,Merced
MEX,Mexico City
MEY,Meghauli
MFA,Mafia Island
MFC,Mafeteng
MFD,Mansfield
MFE,McAllen
MFF,Moanda
MFJ,Moala Island
MFK,Matsu
MFM,Macao
MFQ,Maradi
MFR,Medford
MFU,Mfuwe
MGA,Managua
MGB,Mount Gambier
MGE,Marietta
MGF,Maringa
MGH,Margate
MGL,Mnchengladbach
MGM,Montgomery
MGQ,Mogadishu
MGS,Mangaia Island
MGT,Milingimbi Island
MGU,Manaung
MGW,Morgantown
MGY,Dayton
MGZ,Myeik
MHC,Castro
MHD,Mashhad
MHE,Mitchell
MHG,Mannheim
MHH,Marsh Harbour
MHK,Manhattan
MHQ,Mariehamn
MHR,Sacramento
MHT,Manchester
MHU,Mount Hotham
MHV,Mojave
MHW,Monteagudo
MIA,Miami
MID,Merida
MIG,Mianyang
MII,MarIlia
MIJ,Mili Atoll
MIM,Merimbula
MIR,Monastir
MIS,Misima Island
MIU,Maiduguri
MIX,MiritI-Parana
MJA,Manja
MJB,Mejit Island
MJC,Man
MJD,Mohenjo-daro
MJE,Majkin
MJF,Mosjoen
MJI,Tripoli
MJK,Monkey Mia
MJM,MbujiMayi
MJN,Mahajanga
MJT,Mytilene
MJU,Mamuju
MJV,Murcia
MJZ,Mirny
MKC,Kansas City
MKE,Milwaukee
MKG,Muskegon
MKK,Hoolehua
MKL,Jackson
MKM,Mukah
MKP,Makemo
MKQ,Merauke
MKR,Meekatharra
MKW,Manokwari
MKY,Mackay
MKZ,Malacca
MLA,Malta
MLB,Melbourne
MLE,Male
MLG,Malang
MLH,Mulhouse
MLI,Moline
MLK,Malta
MLL,Marshall
MLM,Morelia
MLN,Melilla
MLO,Milos
MLS,Miles City
MLU,Monroe
MLW,Monrovia
MLX,Malatya
MLY,Manley Hot Springs
MMB,Memanbetsu
MMD,Minamidaito
MME,Durham
MMG,Mount Magnet
MMH,Mammoth Lakes
MMJ,Matsumoto
MMK,Murmansk
MMM,Middlemount
MMO,Maio Island
MMQ,Mbala
MMU,Morristown
MMX,Malm
MMY,Miyakojima
MMZ,Maymana
MNA,Melonguane
MNB,Moanda
MNC,Nacala
MND,Medina
MNF,Mana Island
MNG,Maningrida
MNI,Montserrat
MNJ,Mananjary
MNK,Maiana
MNL,Manila
MNN,Marion
MNO,Manono
MNR,Mongu
MNS,Mansa
MNT,Minto
MNU,Mawlamyine
MNX,Manicore
MNY,Mono Island
MNZ,Manassas
MOA,Moa
MOB,Mobile
MOC,Montes Claros
MOD,Modesto
MOF,Maumere
MOG,MongHsat
MOH,Morowali
MOI,Mitiaro Island
MOL,Molde
MOO,Moomba
MOQ,Morondava
MOT,Minot
MOV,Moranbah
MOZ,Moorea
MPA,Katima Mulilo
MPB,Miami
MPH,Caticlan
MPI,Mamitupo
MPL,Montpellier
MPM,Maputo
MPN,Mount Pleasant
MPP,Mulatupo
MPW,Mariupol
MQF,Magnitogorsk
MQJ,Khonuu
MQL,Mildura
MQM,Mardin
MQN,Mo i Rana
MQP,Mbombela
MQQ,Moundou
MQT,Marquette
MQX,Mekele
MQY,Smyrna
MRA,Misurata
MRB,Martinsburg
MRD,Merida
MRE,Masai Mara
MRG,Mareeba
MRO,Masterton
MRQ,Marinduque Island
MRS,Marseille
MRU,Mauritius
MRV,Mineralnye Vody
MRX,Bandar-e Mahshahr
MRY,Monterey
MRZ,Moree
MSA,Muskrat Dam
MSJ,Misawa
MSL,Muscle Shoals
MSN,Madison
MSO,Missoula
MSP,Minneapolis
MSQ,Minsk
MSR,MuS
MSS,Massena
MST,Maastricht
MSU,Maseru
MSW,Massawa
MSY,New Orleans
MSZ,Namibe
MTB,MontelIbano
MTC,Mount Clemens
MTH,Marathon
MTJ,Montrose
MTK,Makin Island
MTM,Metlakatla
MTN,Baltimore
MTP,Montauk
MTR,MonterIa
MTS,Manzini
MTT,Minatitlan
MTV,Mota Lava
MTW,Manitowoc
MTY,Monterrey
MUA,Munda
MUB,Maun
MUC,Munich
MUE,Kamuela
MUH,Mersa Matruh
MUK,Mauke Island
MUN,MaturIn
MUO,Mountain Home
MUR,Marudi
MUW,Mascara
MUX,Multan
MUZ,Musoma
MVB,Franceville
MVD,Montevideo
MVF,Mossoro
MVL,Stowe
MVP,MitU
MVR,Maroua
MVT,Mataiva
MVW,Burlington-Mount Vernon
MVY,Marthas Vineyard
MWA,Marion
MWE,Merowe
MWF,Maewo
MWH,Moses Lake
MWK,Matak
MWQ,Magway
MWX,Muan
MWZ,Mwanza
MXB,Masamba
MXH,Moro
MXI,Mati
MXJ,Minna
MXL,Mexicali
MXM,Morombe
MXN,Morlaix
MXO,Monticello
MXP,Milan
MXS,Maota
MXT,Maintirano
MXV,Moron
MXX,Mora
MXZ,Meixian
MYA,Moruya
MYC,Maracay
MYD,Malindi
MYE,Miyakejima
MYG,Mayaguana
MYI,Murray Island
MYJ,Matsuyama
MYP,Mary
MYQ,Mysore
MYR,Myrtle Beach
MYT,Myitkyina
MYU,Mekoryuk
MYW,Mtwara
MYY,Miri
MYZ,Monkey Bay
MZA,Mazamari
MZB,MocImboa da Praia
MZG,Magong
MZH,Merzifon
MZI,Mopti
MZJ,Marana
MZK,Marakei
MZL,Manizales
MZO,Manzanillo
MZQ,Mkuze
MZR,Mazar-i-Sharif
MZT,Mazatlan
MZU,Muzaffarpur
MZV,Mulu
MZW,Mecheria
NAA,Narrabri
NAC,Naracoorte
NAG,Nagpur
NAH,Tahuna
NAJ,Nakhchivan
NAK,Nakhon Ratchasima
NAL,Nalchik
NAM,Namlea
NAN,Nadi
NAO,Nanchong
NAP,Naples
NAQ,Qaanaaq
NAS,Nassau
NAT,Natal
NAU,Napuka
NAV,NevSehir
NAW,Narathiwat
NAY,Beijing
NBC,Nizhnekamsk
NBE,Enfidha
NBN,DePale
NBO,Nairobi
NBS,Baishan
NBX,Nabire
NCA,North Caicos
NCE,Nice
NCJ,Sunchales
NCL,Newcastle
NCN,Chenega
NCR,San Carlos
NCS,Newcastle
NCU,Nukus
NCY,Annecy
NDB,Nouadhibou
NDC,Nanded
NDE,Mandera
NDG,Qiqihar
NDJ,N'Djamena
NDK,Namdrik Atoll
NDR,Nador
NDU,Rundu
NDY,Sanday
NEC,Necochea
NEG,Negril
NER,Neryungri
NEU,Xam Neua
NEV,Nevis
NEW,New Orleans
NFO,Niuafo'ou
NGB,Ningbo
NGD,Anegada
NGE,Ngaoundere
NGK,Nogliki
NGL,Ngala
NGO,Nagoya
NGQ,Shiquanhe
NGS,Nagasaki
NHT,Northolt
NHV,Nuku Hiva
NIB,Nikolai
NIF,Nifty Copper Mine
NIG,Nikunau
NIM,Niamey
NIU,Niau
NJC,Nizhnevartovsk
NJF,Al Najaf
NJK,El Centro
NKC,Nouakchott
NKG,Nanjing
NKI,Naukati Bay
NKL,Kolo
NKM,Nagoya
NKP,Nukutepipi
NKT,Sirnak
NKY,Nkayi
NLA,Ndola
NLD,Nuevo Laredo
NLF,Darnley Island
NLG,Nelson Lagoon
NLH,Ninglang
NLI,Nikolayevsk-on-Amur
NLK,Norfolk Island
NLO,Kinshasa
NLT,Xinyuan
NLU,Santa Lucia
NLV,Mykolaiv
NMA,Namangan
NME,Nightmute
NMF,Maafaru
NMS,Nansang
NNB,Santa Ana Island
NNG,Nanning
NNL,Nondalton
NNM,Naryan-Mar
NNR,Spiddal
NNT,Nan
NNX,Nunukan
NNY,Nanyang
NOB,Nosara
NOC,Knock
NOG,Nogales
NOJ,Noyabrsk
NON,Nonouti
NOP,Sinop
NOS,Nosy Be
NOU,Noumea
NOV,Huambo
NOZ,Novokuznetsk
NPA,Pensacola
NPE,Napier
NPL,New Plymouth
NPT,Newport
NPY,Mpanda
NQN,Neuquen
NQU,NuquI
NQY,Newquay
NQZ,Astana
NRA,Narrandera
NRD,Norderney
NRE,NamroleBuru
NRK,Norrkping
NRL,North Ronaldsay
NRN,Weeze
NRR,Ceiba
NRT,Tokyo
NSB,Bimini
NSH,Nowshahr
NSI,Yaounde
NSK,Norilsk
NSN,Nelson
NST,Nakhon Si Thammarat
NSY,Catania
NTB,Notodden
NTE,Nantes
NTG,Nantong
NTL,Newcastle
NTN,Normanton
NTQ,Wajima
NTR,Monterrey
NTT,Niuatoputapu
NTX,Natuna Islands
NTY,Sun City
NUA,Nuwara Eliya
NUE,Nuremberg
NUF,Hatton
NUI,Nuiqsut
NUK,Nukutavake
NUL,Nulato
NUM,NeomBay
NUP,Nunapitchuk
NUS,Norsup
NUU,Nakuru
NUX,Novy Urengoy
NVA,Neiva
NVI,Navoiy
NVK,Narvik
NVT,Navegantes
NWA,Moheli
NWI,Norwich
NYA,Nyagan
NYI,Sunyani
NYK,Nanyuki
NYM,Nadym
NYO,Skavsta
NYR,Nyurba
NYT,Naypyidaw
NYU,Bagan/Nyaung
NYW,Monywa
NZH,Manzhouli
NZL,Zhalantun
OAG,Orange
OAI,Bagram
OAJ,Jacksonville
OAK,Oakland
OAL,Cacoal
OAX,Oaxaca
OBF,Oberpfaffenhofen
OBN,Oban
OBO,Obihiro
OBU,Kobuk
OBX,Obo
OCA,Key Largo
OCC,Coca
OCF,Ocala
OCJ,Ocho Rios
OCM,Boolgeeda
ODB,Cordoba
ODE,Odense
ODN,Long Seridan
ODO,Bodaybo
ODS,Odesa
ODY,Muang Xay
OEC,Oecussi
OEL,Oryol
OER,Ornskoldsvik
OFF,Omaha
OFI,Ouango Fitini
OFU,Ofu Island
OGD,Ogden
OGG,Kahului
OGL,Georgetown
OGM,Ustupo
OGN,Yonaguni
OGS,Ogdensburg
OGU,Ordu/Giresun
OGX,Ouargla
OGZ,Vladikavkaz
OHD,Ohrid
OHE,Mohe
OHH,Okha
OHO,Okhotsk
OHS,Sohar
OIM,oshima
OIR,Okushiri
OIT,Oita
OKA,Okinawa
OKC,Oklahoma City
OKD,Sapporo
OKE,Okinoerabujima
OKI,Oki Island
OKJ,Okayama
OKL,Oksibil
OKR,Yorke Island
OLA,orland
OLB,Olbia
OLC,Sao Paulo de Olivenca
OLF,Wolf Point
OLJ,Olpoi
OLK,Fuerte Olimpo
OLL,Oyo
OLP,Olympic Dam
OLV,Olive Branch
OLX,MaraIntrepid
OLZ,Olyokminsk
OMA,Omaha
OMC,Ormoc
OMD,Oranjemund
OME,Nome
OMH,Urmia
OMM,Marmul
OMO,Mostar
OMR,Oradea
OMS,Omsk
ONB,Ononge
OND,Ondangwa
ONG,Mornington Island
ONJ,odate-Noshiro
ONK,Olenyok
ONL,O'Neill
ONP,Newport
ONQ,Zonguldak
ONS,Onslow
ONT,Ontario
ONX,Colon
OOK,Toksook Bay
OOL,Gold Coast
OOM,Cooma
OOT,Onotoa
OPF,Miami
OPO,Porto
OPS,Sinop
OPU,Balimo
ORA,Oran
ORB,Orebro
ORD,Chicago
ORF,Norfolk
ORG,Paramaribo
ORH,Worcester
ORI,Port Lions
ORK,Cork
ORL,Orlando
ORN,Oran
ORT,Northway
ORU,Oruro
ORV,Noorvik
ORY,Paris
ORZ,OrangeWalk
OSC,Oscoda
OSD,Ostersund
OSF,Moscow-Podolsk
OSH,Oshkosh
OSI,Osijek
OSK,Oskarshamn
OSL,Oslo
OSM,Mosul
OSO,Osborne Mine
OSR,Ostrava
OSS,Osh
OST,Ostend-Bruges
OSU,Columbus
OSW,Orsk
OSY,Namsos
OTD,Contadora Island
OTH,North Bend
OTI,Morotai Island
OTP,Bucharest
OTR,Coto 47
OTT,Cotriguacu
OTZ,Kotzebue
OUA,Ouagadougou
OUD,Oujda
OUK,Out Skerries
OUL,Oulu
OUZ,Zouerate
OVB,Novosibirsk
OVD,Oviedo
OVS,Sovetsky
OWB,Owensboro
OWD,Norwood
OXB,Bissau
OXF,Oxford
OYA,Goya
OYE,Oyem
OYG,Moyo Town
OZC,Ozamiz
OZG,Zagora
OZH,Zaporizhzhia
OZZ,Ouarzazate
PAB,Bilaspur
PAC,Panama City
PAD,Paderborn
PAE,Everett
PAF,Pakuba
PAG,Pagadian
PAH,Paducah
PAM,Panama City
PAO,Palo Alto
PAP,Port-au-Prince
PAS,Paros
PAT,Patna
PAV,Paulo Afonso
PAX,Port-de-Paix
PAZ,Poza Rica
PBC,Puebla
PBD,Porbandar
PBG,Plattsburgh
PBH,Paro
PBI,West Palm Beach
PBJ,Paama
PBL,Puerto Cabello
PBM,Paramaribo
PBO,Paraburdoo
PBP,Islita
PBR,Puerto Barrios
PBU,Putao
PBZ,Plettenberg Bay
PCB,South Tangerang
PCL,Pucallpa
PCN,Picton
PCP,PrIncipe Island
PCQ,Phongsaly
PCR,Puerto Carreno
PDA,Puerto InIrida
PDB,Pedro Bay
PDG,Padang
PDK,Atlanta
PDL,Ponta Delgada
PDM,PedasI
PDP,Punta del Este
PDS,Piedras Negras
PDT,Pendleton
PDV,Plovdiv
PDX,Portland
PEC,Pelican
PED,Pardubice
PEE,Perm
PEG,Perugia
PEI,Pereira
PEK,Beijing
PEM,Puerto Maldonado
PEN,Penang
PER,Perth
PES,Petrozavodsk
PET,Pelotas
PEU,Puerto Lempira
PEW,Peshawar
PEX,Pechora
PEZ,Penza
PFB,Passo Fundo
PFO,Paphos
PFQ,Parsabad
PGA,Page
PGD,Punta Gorda
PGF,Perpignan
PGH,Pantnagar
PGK,Pangkalpinang
PGM,Port Graham
PGQ,Pekaulang
PGU,Asaloyeh
PGV,Greenville
PGX,Perigueux
PGZ,Ponta Grossa
PHB,ParnaIba
PHC,Port Harcourt
PHE,Port Hedland
PHF,Newport News
PHG,Port Harcourt
PHL,Philadelphia
PHN,Port Huron
PHO,Point Hope
PHQ,Phosphate Hill
PHS,Phitsanulok
PHW,Phalaborwa
PHX,Phoenix
PHY,Phetchabun
PIA,Peoria
PIB,Laurel
PIE,St. Petersburg
PIF,Pingtung
PIH,Pocatello
PIK,Glasgow
PIN,Parintins
PIO,Pisco
PIR,Pierre
PIS,Poitiers
PIT,Pittsburgh
PIU,Piura
PIX,Pico Island
PIZ,Point Lay
PJA,Pajala
PJC,Pedro Juan Caballero
PJG,Panjgur
PJM,Puerto Jimenez
PKA,Napaskiak
PKB,Parkersburg
PKC,Petropavlovsk
PKE,Parkes
PKG,Pangkor Island
PKN,Pangkalanbun
PKO,Parakou
PKP,PukaPuka
PKR,Pokhara
PKU,Pekanbaru
PKV,Pskov
PKW,Selebi-Phikwe
PKX,Beijing
PKY,Palangkaraya
PKZ,Pakse
PLD,PlayaSamara
PLH,Plymouth
PLJ,Placencia
PLM,Palembang
PLN,Pellston
PLO,Port Lincoln
PLP,La Palma
PLQ,Palanga
PLS,Providenciales
PLU,Belo Horizonte
PLV,Poltava
PLW,Palu
PLX,Semey
PLZ,Port Elizabeth
PMA,Pemba Island
PMB,Pembina
PMC,Puerto Montt
PMF,Parma
PMG,Ponta Pora
PMI,Palma de Mallorca
PMK,Palm Island
PML,Cold Bay
PMO,Palermo
PMQ,Perito Moreno
PMR,Palmerston North
PMV,Porlamar
PMW,Palmas
PMY,Puerto Madryn
PMZ,Palmar Sur
PNA,Pamplona
PND,Punta Gorda
PNG,Paranagua
PNH,Phnom Penh
PNI,Pohnpei
PNK,Pontianak
PNL,Pantelleria
PNP,Popondetta
PNQ,Pune
PNR,PointeNoire
PNS,Pensacola
PNT,Puerto Natales
PNY,Pondicherry
PNZ,Petrolina
POA,Porto Alegre
POD,Podor
POG,PortGentil
POI,PotosI
POJ,Patos de Minas
POL,Pemba
POM,Port Moresby
POP,PuertoPlata
POR,Pori
POS,Port of Spain
POW,PortoroZ
POX,Paris
POZ,Poznan
PPB,Presidente Prudente
PPE,Puerto Penasco
PPG,Pago Pago
PPJ,Panjang Island
PPK,Petropavlovsk
PPL,Phaphlu
PPN,Popayan
PPP,Proserpine
PPQ,Paraparaumu Beach
PPR,Pasir Pangaraian
PPS,Puerto Princesa
PPT,Tahiti
PPV,Port Protection
PPW,Papa Westray
PQC,Phu Quoc Island
PQI,Presque Isle
PQM,Palenque
PQQ,Port Macquarie
PQS,Pilot Station
PRA,Parana
PRC,Prescott
PRG,Prague
PRH,Phrae
PRI,Praslin Island
PRM,Portimao
PRN,Pristina
PRS,Parasi
PRV,Prerov
PRY,Pretoria
PSA,Pisa
PSC,Pasco
PSD,Port Said
PSE,Ponce
PSF,Pittsfield
PSG,Petersburg
PSH,Sankt Peter-Ording
PSI,Pasni
PSJ,Poso
PSM,Portsmouth
PSO,Pasto
PSP,Palm Springs
PSR,Pescara
PSS,Posadas
PSU,Putussibau
PSV,Papa Stour
PSZ,Puerto Suarez
PTA,Port Alsworth
PTF,Malolo Lailai
PTG,Polokwane
PTH,Port Heiden
PTJ,Portland
PTK,Pontiac
PTO,Pato Branco
PTP,Pointe-a-Pitre
PTU,Platinum
PTW,Pottstown
PTX,Pitalito
PTY,Panama City
PUB,Pueblo
PUD,Puerto Deseado
PUE,Puerto ObaldIa
PUF,Pau
PUG,Port Augusta
PUJ,Punta Cana
PUK,Pukarua
PUQ,Punta Arenas
PUS,Busan
PUT,Puttaparthi
PUU,Puerto AsIs
PUW,Pullman
PUY,Pula
PUZ,Puerto Cabezas
PVA,Providencia Island
PVC,Provincetown
PVD,Providence
PVE,El Porvenir
PVG,Shanghai
PVH,Porto Velho
PVK,Preveza-Lefkada
PVL,Pikeville
PVO,Portoviejo
PVR,Puerto Vallarta
PVS,Provideniya
PVU,Provo
PWE,Pevek
PWK,Chicago
PWL,Purwokerto
PWM,Portland
PWQ,Pavlodar
PXA,Pagar Alam
PXH,Prominent Hill
PXM,Puerto Escondido
PXO,Porto Santo Island
PXU,Pleiku
PYB,Jeypore
PYC,PlayonChico
PYG,Gangtok
PYH,Puerto Ayacucho
PYJ,Polyarny
PYK,Karaj
PYM,Plymouth
PYY,Pai
PZB,Pietermaritzburg
PZH,Zhob
PZI,Panzhihua
PZK,Pukapuka Island
PZL,Phinda
PZO,Puerto Ordaz
PZU,Port Sudan
PZY,Piestany
QAQ,L'Aquila
QBC,Bella Coola
QOW,Owerri
QRO,Queretaro
QRW,Warri
QSC,Sao Carlos
QSF,Setif
QSR,Salerno
QSZ,Shache
QUB,Ubari
QUO,Uyo
RAB,Rabaul
RAE,Arar
RAH,Rafha
RAI,Praia
RAJ,Rajkot
RAK,Marrakesh
RAM,Ramingining
RAO,Ribeirao Preto
RAP,Rapid City
RAQ,Raha
RAR,Rarotonga  Island
RAS,Rasht
RBA,Rabat
RBD,Dallas
RBM,Straubing
RBQ,Rurrenabaque
RBR,Rio Branco
RBV,Ramata Island
RBX,Rumbek
RBY,Ruby
RCA,Rapid City
RCB,Richards Bay
RCE,Roche Harbor
RCH,Riohacha
RCL,Redcliffe
RCM,Richmond
RCQ,Reconquista
RCU,RIo Cuarto
RDB,Red Dog
RDD,Redding
RDG,Reading
RDM,Redmond
RDN,Redang Island
RDO,Radom
RDP,Durgapur
RDU,Raleigh
RDV,Red Devil
RDZ,Rodez
REA,Reao
REC,Recife
REG,Reggio di Calabria
REL,Trelew
REN,Orenburg
REP,Siem Reap
RER,Retalhuleu
RES,Resistencia
RET,Rost
REU,Reus
REW,Rewa
REX,Reynosa
REZ,Resende
RFD,Chicago-Rockf
RFP,Raiatea
RFS,Rosita
RGA,RIo Grande
RGH,Balurghat
RGI,Rangiroa
RGK,Gorno-Altaysk
RGL,RIo Gallegos
RGN,Yangon
RGO,Chongjin
RGS,Burgos
RGT,Rengat
RHD,Termas de RIo Hondo
RHE,Reims
RHI,Rhinelander
RHO,Rhodes
RHP,Ramechhap
RHR,AlHamra
RHT,Alxa Right Banner
RIA,Santa Maria
RIB,Riberalta
RIC,Richmond
RIG,Rio Grande
RIH,RIo Hato
RIJ,Rioja
RIS,Rishiri
RIW,Riverton
RIX,Riga
RIY,Mukalla
RIZ,Rizhao
RJA,Rajahmundry
RJB,Rajbiraj
RJH,Rajshahi
RJK,Rijeka
RJL,Logrono
RJM,Waisai
RJN,Rafsanjan
RKA,Aratika
RKD,Rockland
RKE,Copenhagen
RKP,Rockport
RKS,Rock Springs
RKT,Ras alKhaimah
RKV,ReykjavIk
RKZ,Shigatse
RLG,Rostock
RLK,Bayannur
RLO,Villa de Merlo
RLR,Isalo
RLT,Arlit
RMA,Roma
RME,Rome
RMF,Marsa Alam
RMI,Rimini
RMK,Renmark
RML,Colombo
RMO,Chisinau
RMP,Rampart
RMQ,Taichung
RMS,Ramstein
RMT,Rimatara
RMU,Murcia
RNA,Arona
RNB,Ronneby
RNI,Corn Islands
RNJ,Yoronjima
RNL,Rennell Island
RNM,Qarn Alam
RNN,Bornholm
RNO,Reno
RNP,Rongelap Atoll
RNS,Rennes
ROA,Roanoke
ROB,Monrovia
ROC,Rochester
ROI,Roi Et
ROK,Rockhampton
RON,Paipa
ROO,Rondonopolis
ROP,Rota
ROR,Koror
ROS,Rosario
ROT,Rotorua
ROV,Rostov
ROW,Roswell
ROY,RIo Mayo
RPN,Rosh Pinna
RPR,Raipur
RQA,Ruoqiang
RRG,Rodrigues Island
RRJ,Barra da Tijuca
RRK,Rourkela
RRR,Raroia
RRS,Roros
RSA,Santa Rosa
RSD,Rock Sound
RSH,Russian Mission
RSS,Damazin
RST,Rochester
RSU,Yeosu/Suncheo
RSW,South Fort Myers
RTA,Rotuma Island
RTB,Roatan
RTC,Ratnagiri
RTG,Ruteng
RTI,Rote Island
RTM,Rotterdam
RUA,Arua
RUD,Shahrud
RUE,Butembo
RUH,Riyadh
RUK,Rukumkot
RUL,Maavarulu
RUM,Rumjatar
RUN,StDenis
RUP,Rupsi
RUR,Rurutu
RUS,Marau
RUT,Rutland
RUY,Copan Ruinas
RVA,Farafangana
RVD,Rio Verde
RVE,Saravena
RVK,Rorvik
RVN,Rovaniemi
RVS,Tulsa
RVT,Ravensthorpe
RVV,Raivavae
RVY,Rivera
RWN,Rivne
RXS,Roxas
RYG,Rygge
RYK,Rahim Yar Khan
RYO,RIo Turbio
RZE,Rzeszow
RZP,Taytay
RZR,Ramsar
RZS,Sawan
RZV,Rize Province
SAB,Saba
SAF,Santa Fe
SAG,Shirdi
SAH,Sanaa
SAI,Siem Reap
SAK,Sauoarkrokur
SAL,San Salvador
SAN,San Diego
SAP,San Pedro Sula
SAQ,SanAndros
SAT,San Antonio
SAV,Savannah
SAW,Istanbul
SAX,SambU
SBA,Santa Barbara
SBD,San Bernardino
SBG,Sabang
SBH,StBarthelemy
SBK,Saint-Brieuc
SBN,South Bend
SBP,San Luis Obispo
SBR,Saibai Island
SBS,Steamboat Springs
SBT,Sabetta
SBW,Sibu
SBY,Salisbury
SBZ,Sibiu
SCC,Prudhoe Bay
SCE,State College
SCF,Scottsdale
SCI,San Cristobal
SCK,Stockton
SCL,Santiago
SCM,Scammon Bay
SCN,Saarbrcken
SCO,Aktau
SCQ,Santiago de Compostela
SCR,SAlen
SCT,Socotra
SCU,Santiago de Cuba
SCV,Suceava
SCW,Syktyvkar
SCX,Salina Cruz
SCY,San Cristobal Island
SCZ,Santa Cruz Islands
SDD,Lubango
SDE,Santiago del Estero
SDF,Louisville
SDG,Sanandaj
SDJ,Sendai
SDK,Sandakan
SDL,Sundsvall-HArnsand
SDN,Sandane
SDP,Sand Point
SDQ,Santo Domingo
SDR,Santander
SDS,Sado
SDT,Saidu Sharif
SDU,Rio de Janeiro
SDY,Sidney
SEA,Seattle
SEB,Sebha
SEK,Srednekolymsk
SEN,London-Southend
SEU,Seronera
SEW,Siwa Oasis
SEZ,Mahe Island
SFA,Sfax
SFB,Orlando
SFD,San Fernando
SFE,San Fernando
SFF,Spokane
SFG,StMartin
SFJ,Kangerlussuaq
SFL,Sao Filipe
SFN,SantaFe
SFO,San Francisco
SFS,Subic Bay
SFT,Skelleftea
SFX,San Felix
SGC,Surgut
SGD,Sonderborg
SGE,Siegen
SGF,Springfield
SGG,Sermiligaaq
SGK,Sangapi
SGL,Manila
SGN,HoChiMinh City
SGO,St George
SGT,Stuttgart
SGU,St George
SGX,Songea
SGY,Skagway
SHA,Shanghai
SHB,Nakashibetsu
SHC,IndaSelassie
SHD,Staunton-Waynesboro
SHE,Shenyang
SHF,Shihezi
SHG,Shungnak
SHH,Shishmaref
SHI,Shimojishima
SHJ,Sharjah
SHL,Shillong
SHM,Shirahama
SHO,Manzini
SHR,Sheridan
SHS,Jingzhou
SHV,Shreveport
SHW,Sharurah
SHX,Shageluk
SHY,Shinyanga
SIB,Sibiti
SIC,San Jose Island
SID,Sal
SIF,Simara
SIG,San Juan
SIN,Singapore
SIP,Simferopol
SIQ,Singkep
SIR,Sion
SIS,Sishen
SIT,Sitka
SIU,Siuna
SIW,Parapat
SJC,San Jose
SJD,San Jose del Cabo
SJE,San Jose del Guaviare
SJI,San Jose
SJJ,Sarajevo
SJK,Sao Jose dos Campos
SJL,Sao Gabriel da Cachoeira
SJM,San Juan de la Maguana
SJO,San Jose
SJP,Sao Jose do Rio Preto
SJS,San Jose de Chiquitos
SJT,San Angelo
SJU,San Juan
SJW,Shijiazhuang
SJY,SeinAjoki
SJZ,Sao Jorge Island
SKA,Spokane
SKB,Saint Kitts
SKC,Suki
SKD,Samarkand
SKE,Skien
SKG,Thessaloniki
SKH,Surkhet
SKK,Shaktoolik
SKL,Isle of Skye
SKN,Stokmarknes
SKO,Sokoto
SKP,Skopje
SKT,Sialkot
SKU,Skyros
SKV,Saint Catherine
SKX,Saransk
SKZ,Sukkur
SLA,Salta
SLC,SaltLake
SLD,Sliac
SLE,Salem
SLH,Sola
SLI,Solwezi
SLJ,Solomon
SLK,Saranac Lake
SLL,Salalah
SLM,Salamanca
SLN,Salina
SLP,San Luis Potosi
SLQ,Sleetmute
SLR,Sulphur Springs
SLU,StLucia
SLV,Simla
SLW,Saltillo
SLX,Salt Cay
SLY,Salekhard
SLZ,Sao LuIs
SMA,Santa Maria
SMD,Fort Wayne
SMF,Sacramento
SMG,Santa MarIa del Mar
SMI,Samos
SMK,St. Michael
SML,Stella Maris
SMN,Salmon
SMQ,Sampit
SMR,Santa Marta
SMS,Sainte-Marie
SMV,St. Moritz
SMW,Smara
SMX,Santa Maria
SNA,Santa Ana
SNB,Milikapiti
SNC,Salinas
SNE,Sao Nicolau
SNG,SanIgnacio
SNN,Shannon
SNO,Sakon Nakhon
SNP,St. Paul Island
SNR,Saint-Nazaire
SNU,Santa Clara
SNV,Santa Elena de Uairen
SNW,Thandwe
SNX,Semnan
SNY,Sidney
SOB,HevIz
SOC,Surakarta
SOD,Sorocaba
SOF,Sofia
SOG,Sogndal
SOJ,Sorkjosen
SOM,San Tome
SON,Luganville
SOP,Southern Pines
SOQ,Sorong
SOU,Southampton
SOV,Seldovia
SOW,Show Low
SOY,Stronsay
SPC,La Palma
SPD,Saidpur
SPI,Springfield
SPN,Saipan
SPP,Menongue
SPR,SanPedro
SPS,Wichita Falls
SPU,Split
SPX,Giza
SPY,San-Pedro
SQD,Shangrao
SQG,Sintang
SQH,SonLa
SQJ,Sanming
SQN,Sanana Island
SQO,Storuman
SQQ,siauliai
SQR,Soroako
SQS,Belize City
SRA,Santa Rosa
SRE,Sucre
SRG,Semarang
SRH,Sarh
SRJ,San Borja
SRN,Strahan
SRP,Stord
SRQ,Sarasota
SRV,Stony River
SRX,Sirte
SRY,Sari
SRZ,Santa Cruz
SSA,Salvador
SSE,Solapur
SSF,San Antonio
SSG,Malabo
SSH,Sharm elSheikh
SSJ,Sandnessjoen
SSR,Sara
SSY,Mbanza-Congo
STC,St. Cloud
STD,Santo Domingo
STG,St. George
STI,Santiago
STL,St. Louis
STM,Santarem
STN,London
STR,Stuttgart
STS,Santa Rosa
STT,St. Thomas Island
STV,Surat
STW,Stavropol
STX,Saint Croix
STY,Salto
SUB,Surabaya
SUF,Lamezia Terme
SUG,Surigao
SUJ,Satu Mare
SUK,Sakkyryr
SUL,Sui
SUN,Hailey-Sun Valley
SUP,Trunojoyo
SUR,Summer Beaver
SUS,St. Louis
SUT,Sumbawanga
SUV,Suva
SUX,Sioux City
SUY,Suntar
SVA,Savoonga
SVB,Sambava
SVC,Silver City
SVD,Saint Vincent
SVG,Stavanger
SVI,San Vicente 
SVJ,Svolvaer
SVK,Belize City
SVL,Savonlinna
SVN,Savannah
SVO,Moscow
SVP,Kuito
SVQ,Sevilla
SVS,Stevens Village
SVU,Savusavu
SVX,Yekaterinburg
SVZ,San Antonio del Tachira
SWA,Shantou
SWF,New York
SWJ,South West Bay
SWL,San Vicente
SWO,Stillwater
SWQ,Sumbawa 
SWS,Swansea
SWT,Strezhevoy
SWV,Evensk
SXB,Strasbourg
SXI,Sirri Island
SXK,Saumlaki
SXL,Sligo
SXM,Sint Maarten
SXO,Sao Felix do Araguaia
SXP,Nunam Iqua
SXR,Srinagar
SXV,Salem
SXZ,Siirt
SYB,Seal Bay
SYD,Sydney
SYJ,Sirjan
SYM,Simao
SYO,Shonai
SYQ,San Jose
SYR,Syracuse
SYS,Saskylakh
SYU,WarraberIs
SYX,Sanya
SYY,Stornoway
SYZ,Shiraz
SZA,Soyo
SZB,Kuala Lumpur
SZE,Semera
SZF,Samsun
SZG,Salzburg
SZI,Zaysan
SZK,Skukuza
SZW,Schwerin
SZX,Shenzhen
SZY,Szczytno
SZZ,Szczecin
TAB,Tobago
TAC,Tacloban
TAE,Daegu
TAG,Panglao
TAH,Tanna Island
TAI,Taiz
TAK,Takamatsu
TAL,Tanana
TAM,Tampico
TAO,Qingdao
TAP,Tapachula
TAR,Taranto
TAS,Tashkent
TAT,Poprad
TAY,Tartu
TAZ,DaSoguz
TBB,Tuy Hoa
TBF,Tabiteuea North
TBG,Tabubil
TBH,Tablas Island
TBI,New Bight
TBJ,Tabarka
TBM,Tumbang Samba
TBN,Fort Leonard Wood
TBO,Tabora
TBP,Tumbes
TBS,Tbilisi
TBT,Tabatinga
TBU,Nukualofa
TBW,Tambov
TBZ,Tabriz
TCA,Tennant Creek
TCB,Treasure Cay
TCD,Tarapaca
TCE,Tulcea
TCG,Tacheng
TCL,Tuscaloosa
TCM,Tacoma
TCN,Tehuacan
TCO,Tumaco
TCP,Taba
TCQ,Tacna
TCR,Tuticorin
TCT,Takotna
TCX,Tabas
TCZ,Tengchong
TDD,Trinidad
TDG,Tandag
TDK,Taldykorgan
TDX,Trat
TEA,Tela
TEB,Teterboro
TEE,Tebessa
TEF,Telfer
TEI,Tezu
TEK,Tatitlek
TEL,Telupid
TEN,Tongren
TEQ,Tekirdag
TER,Terceira Island
TET,Tete
TEU,Te Anau
TEV,Teruel
TEX,Telluride
TEZ,Tezpur
TFF,Tefe
TFI,Tufi
TFN,Tenerife
TFS,Tenerife
TFU,Chengdu
TGC,Tanjung Manis
TGD,Podgorica
TGG,Kuala Terengganu
TGH,Tongoa
TGI,Tingo MarIa
TGJ,Tiga Island
TGK,Taganrog
TGM,Targu Mures
TGO,Tongliao
TGP,Bor
TGQ,Tangara
TGR,Touggourt
TGT,Tanga
TGU,Tegucigalpa
TGZ,Tuxtla Gutierrez
THD,Thanh Hoa
THE,Teresina
THG,Thangool
THL,Tachilek
THN,TrollhAttan-VAnersborg
THO,Thorshofn
THQ,Tianshui
THR,Tehran
THS,Sukhothai
THU,Pituffik
THX,Turukhansk
THZ,Tahoua
TIA,Tirana
TID,Tiaret
TIF,Taif
TIH,Tikehau
TII,TarinKot
TIJ,Tijuana
TIM,Tembagapura
TIN,Tindouf
TIP,Tripoli
TIQ,Tinian
TIR,Tirupati
TIU,Timaru
TIV,Tivat
TIW,Tacoma
TIZ,Tari
TJA,Tarija
TJB,Tanjung Balai
TJG,Tanjung
TJH,Toyooka
TJI,Trujillo
TJK,Tokat
TJL,Tres Lagoas
TJM,Tyumen
TJN,Takume
TJQ,Tanjung Pandan
TJS,Tanjung Selor
TJU,Kulob
TKD,Takoradi
TKE,Tenakee
TKF,Truckee
TKG,Bandar Lampung
TKJ,Tok
TKK,Chuuk
TKN,Tokunoshima
TKP,Takapoto
TKQ,Kigoma
TKS,Tokushima
TKT,Tak
TKU,Turku
TKV,Tatakoto
TKX,Takaroa
TLA,Teller
TLC,Toluca
TLE,Toliara
TLH,Tallahassee
TLI,Tolitoli
TLJ,Tatalina
TLK,Talakan
TLL,Tallinn
TLM,Tlemcen
TLN,Toulon
TLQ,Turpan
TLS,Toulouse
TLT,Tuluksak
TLU,TolU
TLV,Tel Aviv
TLX,Talca
TLY,Plastun
TMC,Tambolaka
TME,Tame
TMF,Thimarafushi
TMH,Tanahmerah
TMI,Tumlingtar
TMJ,Termez
TMK,Tam Ky
TML,Tamale
TMM,Toamasina
TMN,Tamana
TMP,Tampere
TMR,Tamanrasset
TMS,Sao Tome
TMT,Trombetas
TMU,Tambor
TMW,Tamworth
TMX,Timimoun
TNA,Jinan
TNC,Tin City
TNE,Tanegashima
TNG,Tangier
TNH,Tonghua
TNJ,Tanjung Pinang
TNK,Tununak
TNN,Tainan
TNO,Tamarindo
TNR,Antananarivo
TNW,Tena
TNZ,Tosontsengel
TOB,Tobruk
TOC,Toccoa
TOD,Tioman Island
TOE,Tozeur
TOF,Tomsk
TOG,Togiak
TOH,Torres Islands
TOJ,Madrid
TOL,Toledo
TOM,Tombouctou
TOS,Tromso
TOU,Touho
TOW,Toledo
TOY,Toyama
TPA,Tampa
TPC,Tarapoa
TPE,Taipei
TPI,Tapini
TPJ,Taplejung
TPP,Tarapoto
TPQ,Tepic
TPS,Trapani
TQL,Tarko-Sale
TQO,Tulum
TQP,Trepell
TRA,Tarama
TRC,Torreon
TRD,Trondheim
TRE,Tiree
TRF,Oslo
TRG,Tauranga
TRI,Tri-City
TRK,Tarakan
TRM,Coachella Valley
TRN,Turin
TRO,Taree
TRR,Trincomalee
TRS,Trieste
TRU,Trujillo
TRV,Thiruvananthapuram
TRW,Tarawa
TRZ,Tiruchirappalli 
TSA,Taipei
TSF,Treviso
TSH,Tshikapa
TSJ,Tsushima
TSL,TamuIn
TSM,Taos
TSN,Tianjin
TSR,Timisoara
TST,Trang
TSU,Tabiteuea South
TSV,Townsville
TSY,Tasikmalaya
TTA,Tan-Tan
TTB,Tortoli
TTE,Ternate
TTG,Tartagal
TTJ,Tottori
TTN,Trenton
TTQ,Tortuguero
TTT,Taitung
TTU,Tetouan
TTW,Tissamaharama
TUA,Tulcan
TUB,Tubuai
TUC,Tucuman
TUD,Tambacounda
TUF,Tours
TUG,Tuguegarao
TUI,Turaif
TUK,Turbat
TUL,Tulsa
TUN,Tunis
TUO,Taupo
TUP,Tupelo
TUR,TucuruI
TUS,Tucson
TUU,Tabuk
TUV,Tucupita
TUW,Tubala
TVA,Morafenobe
TVC,Traverse City
TVF,Thief River Falls
TVL,Lake Tahoe
TVS,Tangshan
TVU,Taveuni
TVY,Dawei
TWA,Twin Hills
TWB,Toowoomba
TWC,Tumxuk
TWF,Twin Falls
TWT,Tawitawi Island
TWU,Tawau
TWZ,Twizel
TXE,Takengon
TXF,Teixeira de Freitas
TXK,Texarkana
TXN,Huangshan
TYD,Tynda
TYF,Torsby
TYL,Talara
TYM,Staniel Cay
TYN,Taiyuan
TYR,Tyler
TYS,Knoxville
TZA,Belize City
TZL,Tuzla
TZN,South Andros
TZX,Trabzon
UAH,Ua Huka
UAK,Narsarsuaq
UAL,Luau
UAP,Ua Pou
UAQ,San Juan
UAR,Bouarfa
UAS,Samburu
UBA,Uberaba
UBB,Mabuiag Island
UBJ,Ube
UBN,Ulaanbaatar
UBP,Ubon Ratchathani
UBT,Ubatuba
UCB,Ulanqab
UCK,Lutsk
UCT,Ukhta
UDI,Uberlandia
UDJ,Uzhhorod
UDR,Udaipur
UEL,Quelimane
UEO,Kumejima
UES,Waukesha
UET,Quetta
UFA,Ufa
UGC,Urgench
UGI,Uganik
UGO,UIge
UGS,Ugashik
UGT,Bulagtai
UHE,Uherske Hradiste
UIB,Quibdo
UIH,Qui Nhon
UII,Utila
UIK,Ust-Ilimsk
UIN,Quincy
UIO,Quito
UIP,Quimper
UIT,Jaluit Island
UJE,Ujae Island
UKA,Ukunda
UKB,Osaka
UKG,UstKuyga
UKH,Mukhaizna
UKK,Ust-Kamenogorsk
UKS,Sevastopol
UKX,Ust-Kut
ULA,SanJulian
ULB,Ulei
ULD,Ulundi
ULG,Olgii
ULH,Alula
ULK,Lensk
ULN,Ulaanbaatar
ULO,Ulaangom
ULP,Quilpie
ULU,Gulu
ULV,Ulyanovsk
ULX,Ulusaba
ULY,Ulyanovsk
ULZ,Uliastai
UME,Umea
UMS,Ust-Maya
UMY,Sumy
UNA,Una
UND,Kunduz
UNG,Kiunga
UNK,Unalakleet
UNN,Ranong
UOA,Moruroa
UOL,Buol
UOX,Oxford
UPB,Havana
UPG,Makassar
UPN,Uruapan
URA,Uralsk
URC,Urumqi
URE,Kuressaare
URG,Uruguaiana
URJ,Uray
URO,Rouen
URS,Kursk
URT,Surat Thani
URY,Gurayat
USA,Concord
USH,Ushuaia
USJ,Usharal
USK,Usinsk
USM,Ko Samui
USN,Ulsan
USQ,USak
USR,UstNera
UST,St. Augustine
USU,Busuanga
UTH,Udon Thani
UTK,Utirik Atoll
UTM,Tunica
UTN,Upington
UTO,Utopia Creek
UTP,Utapao
UTS,Ust-Tsilma
UTT,Umtata
UTU,Ustupo
UUA,Bugulma
UUD,Ulan-Ude
UUS,Yuzhno-Sakhalinsk
UVE,Ouvea
UVF,StLucia
UVL,NewValley
UYL,Nyala
UYN,Yulin
UYU,Uyuni
UZR,Urzhar
VAA,Vaasa
VAG,Varginha
VAI,Vanimo
VAK,Chevak
VAL,Valenca
VAM,Maamigili
VAN,Van
VAO,Suavanao
VAR,Varna
VAS,Sivas
VAV,Vavau
VAW,Vardo
VBA,Ann
VBP,Bokpyin
VBS,Brescia
VBV,Vanua Balavu
VBY,Visby
VCA,CanTho
VCE,Venice
VCL,Chu Lai
VCP,Sao Paulo
VCS,Con Dao Island
VCT,Victoria
VCV,Victorville
VDB,Fagernes
VDC,Vitoria da Conquista
VDE,Valverde
VDH,DongHoi
VDM,Viedma
VDO,QuangNinh
VDS,Vadso
VDY,Vidyanagar
VDZ,Valdez
VEE,Venetie
VEL,Vernal
VER,Veracruz
VEY,Vestmannaeyja
VFA,Victoria Falls
VGA,Vijayawada
VGD,Vologda
VGO,Vigo
VGZ,Villagarzon
VHC,Saurimo
VHM,Vilhelmina
VHV,Verkhnevliyuy
VHZ,Vahitahi
VIE,Vienna
VIG,El VigIa
VII,Vinh
VIJ,Virgin Gorda
VIL,Dakhla
VIN,Vinnytsia
VIR,Virginia
VIS,Visalia
VIT,Vitoria-Gasteiz
VIX,Vitoria
VJB,XaiXai
VJI,Abingdon
VKG,RachGia
VKO,Moscow
VKT,Vorkuta
VLC,Valencia
VLD,Valdosta
VLG,Villa Gesell
VLI,Port Vila
VLL,Valladolid
VLN,Valencia
VLP,Vila Rica
VLS,Valesdir
VLV,Valera
VLY,Anglesey
VME,Villa Mercedes
VNC,Venice
VNO,Vilnius
VNS,Varanasi
VNX,Vilankulo
VNY,Los Angeles
VOD,Prague
VOG,Volgograd
VOL,Volos
VOZ,Voronezh
VPE,Ondjiva
VPG,Vipingo
VPN,Vopnafjordur
VPS,Destin-Fort Walton
VPY,Chimoio
VQQ,Jacksonville
VQS,Vieques
VRA,Varadero
VRB,Vero Beach
VRC,Virac
VRK,Varkaus
VRL,Vila Real
VRN,Verona
VSA,Villahermosa
VSE,Viseu
VSG,Luhansk
VST,Vasteras
VTB,Vitebsk
VTE,Vientiane
VTU,Las Tunas
VTZ,Visakhapatnam
VUP,Valledupar
VUS,Veliky Ustyug
VUU,MvuuCamp
VVC,Villavicencio
VVI,Santa Cruz de la Sierra
VVO,Vladivostok
VVZ,Illizi
VXC,Lichinga
VXE,Sao Vicente
VXO,VAxj
VYI,Vilyuysk
WAA,Wales
WAE,Wadi ad-Dawasir
WAG,Whanganui
WAI,Antsohihy
WAM,Ambatondrazaka
WAT,Waterford
WAW,Warsaw
WBB,Stebbins
WBM,Wapenamanda
WBQ,Beaver
WDH,Windhoek
WDS,Shiyan
WEF,Weifang
WEH,Weihai
WEI,Weipa
WFI,Fianarantsoa
WGA,Wagga Wagga
WGC,Warangal
WGN,Shaoyang
WGP,Waingapu
WHA,Wuhu
WHD,Hyder
WHF,Wadi Halfa
WHK,Whakatane
WIC,Wick
WIL,Nairobi
WIN,Winton
WJA,Woja
WJR,Wajir
WJU,Wonju
WKA,Wanaka
WKJ,Wakkanai
WKK,Aleknagik
WLE,Miles
WLG,Wellington
WLH,Walaha
WLK,Selawik
WLP,West Angelas
WLS,Wallis Island
WMB,Warrnambool
WME,Mount Keith
WMI,Warsaw
WMK,Meyers Chuck
WMN,Maroantsetra
WMO,White Mountain
WMR,Mananara Nord
WMT,Maotai
WMX,Wamena
WNA,Napakiak
WNH,Wenshan
WNI,Wangi-wangi Island
WNN,Wunnumin Lake
WNP,Naga
WNR,Windorah
WNS,Nawabshah
WNZ,Wenzhou
WOL,Wollongong
WOT,Wang'an
WPM,Wipim
WPU,Puerto Williams
WRB,Warner Robins
WRE,Whangarei
WRG,Wrangell
WRI,Wrightstown
WRL,Worland
WRO,WrocLaw
WRY,Westray
WRZ,Weerawila
WSK,Wushan
WSN,South Naknek
WSP,Waspam
WST,Westerly
WSZ,Westport
WTB,Toowoomba
WTE,Wotje Atoll
WTK,Noatak
WTL,Tuntutuliak
WTO,Wotho Atoll
WTP,Woitape
WTS,Tsiroanomandidy
WUA,Wuhai
WUH,Wuhan
WUN,Wiluna
WUS,Wuyishan
WUT,Xinzhou
WUU,Wau
WUX,Wuxi
WUZ,Wuzhou
WVB,Walvis Bay
WVN,Wilhelmshaven
WWI,Woodie Woodie
WWK,Wewak
WWP,Whale Pass
WWT,Newtok
WXN,Wanzhou
WYA,Whyalla
WYS,West Yellowstone
WZA,Wa
WZQ,Urad Middle Banner
XAI,Xinyang
XAP,Chapeco
XBE,Bearskin Lake
XBJ,Birjand
XBR,Brockville
XCH,Christmas Island
XCR,Vatry
XFN,Xiangyang
XFW,Hamburg
XGR,Kangiqsualujjuaq
XIC,Xichang
XIL,Xilinhot
XIY,Xi'an
XKH,Phonsavan
XKS,Kasabonika
XLB,Lac Brochet
XLS,Saint-Louis
XMN,Xiamen
XMS,Macas
XMY,Yam Island
XNA,Highfill
XNH,Nasiriyah
XNN,Xining
XNT,Xingtai
XPL,Tegucigalpa
XQP,Quepos
XQU,Qualicum Beach
XRY,Jerez de la Frontera
XSB,Sir Bani Yas
XSC,South Caicos
XSI,South Indian Lake
XSP,Singapore
XTG,Thargomindah
XTL,Tadoule Lake
XTO,Taroom
XUZ,Xuzhou
XWA,Williston
YAA,Anahim Lake
YAB,Arctic Bay
YAC,Cat Lake
YAG,Fort Frances
YAI,Chillan
YAJ,Saturna Island
YAK,Yakutat
YAM,Sault Ste. Marie
YAP,Yap
YAQ,Maple Bay
YAT,Attawapiskat
YAV,Mayne Island
YAX,Wapekeka
YAY,St. Anthony
YAZ,Tofino
YBB,Kugaaruk
YBC,BaieComeau
YBE,Uranium City
YBG,Saguenay-Bagotville
YBI,Black Tickle
YBK,Baker Lake
YBL,Campbell River
YBP,Yibin
YBR,Brandon
YBT,Brochet
YBV,Berens River
YBW,Bedwell Harbour
YBX,Blanc-Sablon
YCB,Cambridge Bay
YCD,Nanaimo
YCF,Cortes+M4296
YCG,Castlegar
YCK,Colville Lake
YCL,Charlo
YCO,Kugluktuk
YCR,Cross Lake
YCS,Chesterfield
YCU,Yuncheng
YCY,Clyde River
YDA,Dawson City
YDF,Deer Lake
YDL,Dease Lake
YDN,Dauphin
YDP,Nain
YDQ,Dawson Creek
YDT,Vancouver
YEC,Yecheon
YEG,Edmonton
YEI,Bursa
YEK,Arviat
YER,Fort Severn
YES,Yasuj
YEV,Inuvik
YFA,Fort Albany
YFB,Iqaluit
YFC,Fredericton
YFH,Fort Hope
YFJ,Wekweeti
YFO,Flin Flon
YFR,Fort Resolution
YFS,Fort Simpson
YFX,St. Lewis
YGB,Gillies Bay
YGE,Gorge Harbour
YGG,Ganges
YGH,Fort Good Hope
YGJ,Yonago
YGK,Kingston
YGL,Radisson River
YGN,Greenway Sound
YGO,Gods Lake Narrows
YGP,Gaspe
YGQ,Geraldton
YGR,Iles-de-la-Madeleine
YGT,Igloolik
YGV,Havre-Saint-Pierre
YGW,Kuujjuarapik
YGX,Gillam
YGZ,Grise Fiord
YHA,Port Hope
YHD,Dryden
YHG,Charlottetown
YHH,Campbell River
YHI,Ulukhaktok
YHK,Gjoa Haven
YHM,Hamilton
YHO,Hopedale
YHP,Poplar Hill
YHR,Chevery
YHS,Sechelt
YHU,Montreal
YHY,Hay River
YHZ,Halifax
YIA,Yogyakarta
YIC,Yichun
YIE,Aershan
YIF,Saint-Augustin
YIG,Stuart Island
YIH,Yichang
YIK,Ivujivik
YIN,Yining
YIO,Pond Inlet
YIP,Detroit
YIV,Island Lake
YIW,Yiwu
YJT,Stephenville
YKA,Kamloops
YKF,Waterloo
YKG,Kangirsuk
YKH,Yingkou
YKL,Schefferville
YKM,Yakima
YKO,Hakkari
YKQ,Waskaganish
YKS,Yakutsk
YKT,Klemtu
YKU,Chisasibi
YKZ,Toronto
YLC,Kimmirut
YLE,Whati
YLH,Lansdowne
YLK,Barrie-Orillia
YLL,Lloydminster
YLV,Yevlakh
YLW,Kelowna
YLX,Yulin
YLY,Langley
YMA,Mayo
YMF,Galiano Island
YMH,Mary's Harbour
YMK,Mys-Kamenny
YMM,Fort McMurray
YMN,Makkovik
YMO,Moosonee
YMP,Port McNeill
YMT,Chibougamau
YMU,Mansons Landing
YMX,Montreal
YNA,Natashquan
YNB,Yanbu
YNC,Wemindji
YND,Gatineau
YNE,Norway House
YNG,Youngstown
YNJ,Yanji
YNL,Points North Landing
YNO,North Spirit Lake
YNP,Natuashish
YNS,Nemiscau
YNT,Yantai
YNY,Yangyang
YNZ,Yancheng
YOC,Old Crow
YOD,Cold Lake
YOG,Ogoki
YOH,Oxford House
YOJ,High Level
YOL,Yola
YON,Trashigang
YOP,Rainbow Lake
YOW,Ottawa
YPA,Prince Albert
YPB,Port Alberni
YPC,Paulatuk
YPE,Peace River
YPG,Portage la Prairie
YPH,Inukjuak
YPJ,Aupaluk
YPL,Pickle Lake
YPM,Pikangikum
YPN,Port-Menier
YPO,Peawanuck
YPQ,Peterborough
YPR,Prince Rupert
YPW,Powell River
YPX,Puvirnituq
YPY,Fort Chipewyan
YQA,Muskoka
YQB,Quebec
YQC,Quaqtaq
YQD,The Pas
YQF,Red Deer
YQG,Windsor
YQH,Watson Lake
YQI,Yarmouth
YQJ,Quadra Island
YQK,Kenora
YQL,Lethbridge
YQM,Moncton
YQN,Greenstone
YQQ,Comox
YQR,Regina
YQT,Thunder Bay
YQU,Grande Prairie
YQV,Yorkton
YQX,Gander
YQY,Sydney
YQZ,Quesnel
YRA,Gameti
YRB,Resolute
YRF,Cartwright
YRG,Rigolet
YRJ,Roberval
YRL,Red Lake
YRQ,Trois-Rivieres
YRR,Stuart Island
YRS,Red Sucker Lake
YRT,Rankin Inlet
YSB,Sudbury
YSC,Sherbrooke
YSF,Stony Rapids
YSG,Lutselke
YSJ,Saint John
YSK,Sanikiluaq
YSM,Fort Smith
YSO,Postville
YSQ,Songyuan
YST,St. Theresa Point
YSY,Sachs Harbour
YTE,Cape Dorset
YTF,Alma
YTG,Sullivan Bay
YTH,Thompson
YTL,Big Trout Lake
YTM,Mont-Tremblant
YTQ,Tasiujaq
YTS,Timmins
YTW,Yutian
YTY,Yangzhou
YTZ,Toronto
YUB,Tuktoyaktuk
YUD,Umiujaq
YUL,Montreal
YUM,Yuma
YUS,Yushu
YUT,Repulse Bay
YUX,Hall Beach
YUY,Rouyn-Noranda
YVA,Moroni
YVB,Bonaventure
YVC,La Ronge
YVM,Broughton
YVO,ValdOr
YVP,Kuujjuaq
YVQ,Norman Wells
YVR,Vancouver
YVV,Wiarton
YVZ,Deer Lake
YWB,Kangiqsujuaq
YWG,Winnipeg
YWH,Victoria
YWJ,Deline
YWK,Wabush
YWL,Williams Lake
YWM,Williams Harbour
YWP,Webequie
YXC,Cranbrook
YXE,Saskatoon
YXH,Medicine Hat
YXJ,Fort St. John
YXL,Sioux Lookout
YXN,Whale Cove
YXP,Pangnirtung
YXS,Prince George
YXT,Terrace
YXU,London
YXX,Abbotsford
YXY,Whitehorse
YYA,Yueyang
YYB,North Bay
YYC,Calgary
YYD,Smithers
YYE,Fort Nelson
YYF,Penticton
YYG,Charlottetown
YYH,Taloyoak
YYJ,Victoria
YYL,Lynn Lake
YYQ,Churchill
YYR,GooseBay
YYT,St. Johns
YYU,Kapuskasing
YYY,Mont-Joli
YYZ,Toronto
YZF,Yellowknife
YZG,Salluit
YZP,Sandspit
YZR,Sarnia
YZS,Coral Harbour
YZT,Port Hardy
YZV,Sept-Iles
YZY,Zhangye
YZZ,Trail
ZAC,York Landing
ZAD,Zadar
ZAG,Zagreb
ZAH,Zahedan
ZAJ,Zaranj
ZAL,Valdivia
ZAM,Zamboanga
ZAR,Zaria
ZAT,Zhaotong
ZAZ,Zaragoza
ZBF,Bathurst
ZBL,Biloela
ZBR,ChahBahar
ZCL,Zacatecas
ZCO,Temuco
ZDY,Dalma Island
ZEL,Bella Bella
ZEM,Eastmain
ZER,Ziro
ZFD,Fond-du-Lac
ZFM,Fort McPherson
ZFN,Tulita
ZGI,Gods River
ZGR,Little Grand
ZGS,La Romaine
ZGU,Gaua  Island
ZHA,Zhanjiang
ZHY,Zhongwei
ZIA,Zhukovsky
ZIG,Ziguinchor
ZIH,Ixtapa-Zihuatanejo
ZIS,Zintan
ZIX,Zhigansk
ZJN,Swan River
ZKE,Kashechewan
ZKG,Kegaska
ZKP,Zyryanka
ZLO,Manzanillo
ZLT,La Tabatiere
ZLX,Zalingei
ZMD,Sena Madureira
ZMT,Masset
ZNA,Nanaimo
ZND,Zinder
ZNE,Newman
ZNZ,Zanzibar
ZOF,Ocean Falls
ZOS,Osorno
ZPB,Sachigo Lake
ZPC,Pucon
ZPH,Zephyrhills
ZQN,Queenstown
ZQW,Zweibrcken
ZQZ,Zhangjiakou
ZRH,Zurich
ZRI,Serui
ZRJ,Round Lake
ZSA,San Salvador Island
ZSE,Saint-Pierre
ZSJ,Sandy Lake
ZTA,Tureia
ZTB,Tete-a-la-Baleine
ZTH,Zakynthos
ZTM,Shamattawa
ZTR,Zhytomyr
ZTU,Zaqatala
ZUH,Zhuhai
ZUM,Churchill Falls
ZVK,Savannakhet
ZWL,Wollaston Lake
ZYI,Zunyi
ZYL,Sylhet
ZZE,Zangilan
ZZO,Zonalnoe
,Mzuzu
